freq_invcm,wavlen_um,path_thermal_cm,path_thermal_mum,surface_emission_cm,surface_emission_umu,surface_reflected_cm,surface_reflected_mum,total_radiance_cm,total_radiance_mum,integral_cm,total_trans
2.0,4999.998,9.66e-10,3.86e-13,2.21e-10,8.83e-14,0.0,0.0,1.19e-09,4.75e-13,1.19e-09,0.2188
4.0,2500.0,3.47e-09,5.55e-12,4.93e-10,7.89e-13,0.0,0.0,3.96e-09,6.34e-12,9.12e-09,0.13703
6.0,1666.666,8.13e-09,2.93e-11,3.56e-10,1.28e-12,0.0,0.0,8.49e-09,3.05e-11,2.61e-08,0.05515
8.0,1250.0,1.45e-08,9.31e-11,2.08e-10,1.33e-12,0.0,0.0,1.48e-08,9.44e-11,5.56e-08,0.01506
10.0,1000.0,2.22e-08,2.22e-10,6.71e-11,6.71e-13,0.0,0.0,2.23e-08,2.23e-10,1e-07,0.00395
12.0,833.333,3.05e-08,4.39e-10,8.29e-13,1.19e-14,0.0,0.0,3.05e-08,4.39e-10,1.61e-07,3e-05
14.0,714.286,4e-08,7.84e-10,1.12e-16,2.19e-18,0.0,0.0,4e-08,7.84e-10,2.41e-07,0.0
16.0,625.0,5.09e-08,1.3e-09,6.41e-21,1.64e-22,0.0,0.0,5.09e-08,1.3e-09,3.43e-07,0.0
18.0,555.555,6.12e-08,1.98e-09,2.27e-19,7.35e-21,0.0,0.0,6.12e-08,1.98e-09,4.65e-07,0.0
20.0,500.0,7.64e-08,3.06e-09,2.27e-19,9.07e-21,0.0,0.0,7.64e-08,3.06e-09,6.18e-07,0.0
22.0,454.545,9.55e-08,4.62e-09,5.84e-33,2.83e-34,0.0,0.0,9.55e-08,4.62e-09,8.09e-07,0.0
24.0,416.667,1.09e-07,6.25e-09,3.4e-30,1.96e-31,0.0,0.0,1.09e-07,6.25e-09,1.03e-06,0.0
26.0,384.615,1.25e-07,8.46e-09,3.4e-30,2.3e-31,0.0,0.0,1.25e-07,8.46e-09,1.28e-06,0.0
28.0,357.143,1.5e-07,1.18e-08,1.19e-38,9.32e-40,0.0,0.0,1.5e-07,1.18e-08,1.58e-06,0.0
30.0,333.333,1.7e-07,1.53e-08,6.67e-39,6e-40,0.0,0.0,1.7e-07,1.53e-08,1.92e-06,0.0
32.0,312.5,1.85e-07,1.89e-08,0.0,0.0,0.0,0.0,1.85e-07,1.89e-08,2.29e-06,0.0
34.0,294.118,2.05e-07,2.37e-08,0.0,0.0,0.0,0.0,2.05e-07,2.37e-08,2.7e-06,0.0
36.0,277.778,2.19e-07,2.84e-08,0.0,0.0,0.0,0.0,2.19e-07,2.84e-08,3.14e-06,0.0
38.0,263.158,2.32e-07,3.35e-08,0.0,0.0,0.0,0.0,2.32e-07,3.35e-08,3.6e-06,0.0
40.0,250.0,2.61e-07,4.18e-08,0.0,0.0,0.0,0.0,2.61e-07,4.18e-08,4.12e-06,0.0
42.0,238.095,3.03e-07,5.35e-08,0.0,0.0,0.0,0.0,3.03e-07,5.35e-08,4.73e-06,0.0
44.0,227.273,3.39e-07,6.57e-08,0.0,0.0,0.0,0.0,3.39e-07,6.57e-08,5.41e-06,0.0
46.0,217.391,3.59e-07,7.6e-08,0.0,0.0,0.0,0.0,3.59e-07,7.6e-08,6.13e-06,0.0
48.0,208.333,3.85e-07,8.86e-08,0.0,0.0,0.0,0.0,3.85e-07,8.86e-08,6.9e-06,0.0
50.0,200.0,4.26e-07,1.06e-07,0.0,0.0,0.0,0.0,4.26e-07,1.06e-07,7.75e-06,0.0
52.0,192.308,4.47e-07,1.21e-07,0.0,0.0,0.0,0.0,4.47e-07,1.21e-07,8.64e-06,0.0
54.0,185.185,4.52e-07,1.32e-07,0.0,0.0,0.0,0.0,4.52e-07,1.32e-07,9.55e-06,0.0
56.0,178.571,4.62e-07,1.45e-07,0.0,0.0,0.0,0.0,4.62e-07,1.45e-07,1.05e-05,0.0
58.0,172.414,5.05e-07,1.7e-07,0.0,0.0,0.0,0.0,5.05e-07,1.7e-07,1.15e-05,0.0
60.0,166.667,5.55e-07,2e-07,0.0,0.0,0.0,0.0,5.55e-07,2e-07,1.26e-05,0.0
62.0,161.29,5.9e-07,2.27e-07,0.0,0.0,0.0,0.0,5.9e-07,2.27e-07,1.38e-05,0.0
64.0,156.25,6.27e-07,2.57e-07,0.0,0.0,0.0,0.0,6.27e-07,2.57e-07,1.5e-05,0.0
66.0,151.515,6.83e-07,2.98e-07,0.0,0.0,0.0,0.0,6.83e-07,2.98e-07,1.64e-05,0.0
68.0,147.059,7.07e-07,3.27e-07,0.0,0.0,0.0,0.0,7.07e-07,3.27e-07,1.78e-05,0.0
70.0,142.857,7.38e-07,3.62e-07,0.0,0.0,0.0,0.0,7.38e-07,3.62e-07,1.93e-05,0.0
72.0,138.889,7.45e-07,3.86e-07,0.0,0.0,0.0,0.0,7.45e-07,3.86e-07,2.08e-05,0.0
74.0,135.135,7.69e-07,4.21e-07,0.0,0.0,0.0,0.0,7.69e-07,4.21e-07,2.23e-05,0.0
76.0,131.579,8.27e-07,4.78e-07,0.0,0.0,0.0,0.0,8.27e-07,4.78e-07,2.4e-05,0.0
78.0,128.205,8.67e-07,5.27e-07,0.0,0.0,0.0,0.0,8.67e-07,5.27e-07,2.57e-05,0.0
80.0,125.0,8.93e-07,5.71e-07,0.0,0.0,0.0,0.0,8.93e-07,5.71e-07,2.75e-05,0.0
82.0,121.951,9.52e-07,6.4e-07,0.0,0.0,0.0,0.0,9.52e-07,6.4e-07,2.94e-05,0.0
84.0,119.048,1.03e-06,7.27e-07,0.0,0.0,0.0,0.0,1.03e-06,7.27e-07,3.14e-05,0.0
86.0,116.279,1.05e-06,7.79e-07,0.0,0.0,0.0,0.0,1.05e-06,7.79e-07,3.36e-05,0.0
88.0,113.636,1.03e-06,7.97e-07,0.0,0.0,0.0,0.0,1.03e-06,7.97e-07,3.56e-05,0.0
90.0,111.111,1.09e-06,8.8e-07,0.0,0.0,0.0,0.0,1.09e-06,8.8e-07,3.78e-05,0.0
92.0,108.696,1.12e-06,9.51e-07,0.0,0.0,0.0,0.0,1.12e-06,9.51e-07,4e-05,0.0
94.0,106.383,1.18e-06,1.04e-06,0.0,0.0,0.0,0.0,1.18e-06,1.04e-06,4.24e-05,0.0
96.0,104.167,1.24e-06,1.15e-06,0.0,0.0,0.0,0.0,1.24e-06,1.15e-06,4.49e-05,0.0
98.0,102.041,1.26e-06,1.21e-06,0.0,0.0,0.0,0.0,1.26e-06,1.21e-06,4.74e-05,0.0
100.0,100.0,1.25e-06,1.25e-06,0.0,0.0,0.0,0.0,1.25e-06,1.25e-06,4.99e-05,0.0
102.0,98.039,1.33e-06,1.39e-06,0.0,0.0,0.0,0.0,1.33e-06,1.39e-06,5.26e-05,0.0
104.0,96.154,1.38e-06,1.49e-06,0.0,0.0,0.0,0.0,1.38e-06,1.49e-06,5.53e-05,0.0
106.0,94.34,1.41e-06,1.58e-06,0.0,0.0,0.0,0.0,1.41e-06,1.58e-06,5.81e-05,0.0
108.0,92.593,1.53e-06,1.79e-06,0.0,0.0,0.0,0.0,1.53e-06,1.79e-06,6.12e-05,0.0
110.0,90.909,1.57e-06,1.9e-06,0.0,0.0,0.0,0.0,1.57e-06,1.9e-06,6.43e-05,0.0
112.0,89.286,1.62e-06,2.04e-06,0.0,0.0,0.0,0.0,1.62e-06,2.04e-06,6.76e-05,0.0
114.0,87.719,1.76e-06,2.29e-06,0.0,0.0,0.0,0.0,1.76e-06,2.29e-06,7.11e-05,0.0
116.0,86.207,1.79e-06,2.41e-06,0.0,0.0,0.0,0.0,1.79e-06,2.41e-06,7.47e-05,0.0
118.0,84.746,1.77e-06,2.47e-06,0.0,0.0,0.0,0.0,1.77e-06,2.47e-06,7.82e-05,0.0
120.0,83.333,1.74e-06,2.5e-06,0.0,0.0,0.0,0.0,1.74e-06,2.5e-06,8.17e-05,0.0
122.0,81.967,1.76e-06,2.61e-06,0.0,0.0,0.0,0.0,1.76e-06,2.61e-06,8.52e-05,0.0
124.0,80.645,1.89e-06,2.9e-06,0.0,0.0,0.0,0.0,1.89e-06,2.9e-06,8.9e-05,0.0
126.0,79.365,1.87e-06,2.97e-06,0.0,0.0,0.0,0.0,1.87e-06,2.97e-06,9.27e-05,0.0
128.0,78.125,1.94e-06,3.19e-06,0.0,0.0,0.0,0.0,1.94e-06,3.19e-06,9.66e-05,0.0
130.0,76.923,2.05e-06,3.47e-06,0.0,0.0,0.0,0.0,2.05e-06,3.47e-06,0.000101,0.0
132.0,75.758,1.98e-06,3.46e-06,0.0,0.0,0.0,0.0,1.98e-06,3.46e-06,0.000105,0.0
134.0,74.627,2.09e-06,3.76e-06,0.0,0.0,0.0,0.0,2.09e-06,3.76e-06,0.000109,0.0
136.0,73.529,2.26e-06,4.18e-06,0.0,0.0,0.0,0.0,2.26e-06,4.18e-06,0.000113,0.0
138.0,72.464,2.2e-06,4.19e-06,0.0,0.0,0.0,0.0,2.2e-06,4.19e-06,0.000118,0.0
140.0,71.429,2.16e-06,4.23e-06,0.0,0.0,0.0,0.0,2.16e-06,4.23e-06,0.000122,0.0
142.0,70.423,2.36e-06,4.75e-06,0.0,0.0,0.0,0.0,2.36e-06,4.75e-06,0.000127,0.0
144.0,69.444,2.53e-06,5.24e-06,0.0,0.0,0.0,0.0,2.53e-06,5.24e-06,0.000132,0.0
146.0,68.493,2.55e-06,5.44e-06,0.0,0.0,0.0,0.0,2.55e-06,5.44e-06,0.000137,0.0
148.0,67.568,2.43e-06,5.32e-06,0.0,0.0,0.0,0.0,2.43e-06,5.32e-06,0.000142,0.0
150.0,66.667,2.29e-06,5.16e-06,0.0,0.0,0.0,0.0,2.29e-06,5.16e-06,0.000146,0.0
152.0,65.789,2.38e-06,5.49e-06,0.0,0.0,0.0,0.0,2.38e-06,5.49e-06,0.000151,0.0
154.0,64.935,2.57e-06,6.08e-06,0.0,0.0,0.0,0.0,2.57e-06,6.08e-06,0.000156,0.0
156.0,64.103,2.66e-06,6.48e-06,0.0,0.0,0.0,0.0,2.66e-06,6.48e-06,0.000162,0.0
158.0,63.291,2.68e-06,6.69e-06,0.0,0.0,0.0,0.0,2.68e-06,6.69e-06,0.000167,0.0
160.0,62.5,2.86e-06,7.32e-06,0.0,0.0,0.0,0.0,2.86e-06,7.32e-06,0.000173,0.0
162.0,61.728,2.99e-06,7.86e-06,0.0,0.0,0.0,0.0,2.99e-06,7.86e-06,0.000179,0.0
164.0,60.976,3.06e-06,8.24e-06,0.0,0.0,0.0,0.0,3.06e-06,8.24e-06,0.000185,0.0
166.0,60.241,2.99e-06,8.24e-06,0.0,0.0,0.0,0.0,2.99e-06,8.24e-06,0.000191,0.0
168.0,59.524,2.93e-06,8.27e-06,0.0,0.0,0.0,0.0,2.93e-06,8.27e-06,0.000197,0.0
170.0,58.824,2.86e-06,8.25e-06,0.0,0.0,0.0,0.0,2.86e-06,8.25e-06,0.000202,0.0
172.0,58.14,2.95e-06,8.74e-06,0.0,0.0,0.0,0.0,2.95e-06,8.74e-06,0.000208,0.0
174.0,57.471,3.04e-06,9.19e-06,0.0,0.0,0.0,0.0,3.04e-06,9.19e-06,0.000214,0.0
176.0,56.818,3.06e-06,9.47e-06,0.0,0.0,0.0,0.0,3.06e-06,9.47e-06,0.000221,0.0
178.0,56.18,3.1e-06,9.82e-06,0.0,0.0,0.0,0.0,3.1e-06,9.82e-06,0.000227,0.0
180.0,55.556,3.28e-06,1.06e-05,0.0,0.0,0.0,0.0,3.28e-06,1.06e-05,0.000233,0.0
182.0,54.945,3.39e-06,1.12e-05,0.0,0.0,0.0,0.0,3.39e-06,1.12e-05,0.00024,0.0
184.0,54.348,3.57e-06,1.21e-05,0.0,0.0,0.0,0.0,3.57e-06,1.21e-05,0.000247,0.0
186.0,53.763,3.6e-06,1.25e-05,0.0,0.0,0.0,0.0,3.6e-06,1.25e-05,0.000254,0.0
188.0,53.191,3.47e-06,1.23e-05,0.0,0.0,0.0,0.0,3.47e-06,1.23e-05,0.000261,0.0
190.0,52.632,3.68e-06,1.33e-05,0.0,0.0,0.0,0.0,3.68e-06,1.33e-05,0.000269,0.0
192.0,52.083,3.76e-06,1.39e-05,0.0,0.0,0.0,0.0,3.76e-06,1.39e-05,0.000276,0.0
194.0,51.546,3.69e-06,1.39e-05,0.0,0.0,0.0,0.0,3.69e-06,1.39e-05,0.000284,0.0
196.0,51.02,3.77e-06,1.45e-05,0.0,0.0,0.0,0.0,3.77e-06,1.45e-05,0.000291,0.0
198.0,50.505,3.86e-06,1.51e-05,0.0,0.0,0.0,0.0,3.86e-06,1.51e-05,0.000299,0.0
200.0,50.0,3.78e-06,1.51e-05,0.0,0.0,0.0,0.0,3.78e-06,1.51e-05,0.000306,0.0
202.0,49.505,3.47e-06,1.41e-05,0.0,0.0,0.0,0.0,3.47e-06,1.41e-05,0.000313,0.0
204.0,49.02,3.66e-06,1.52e-05,0.0,0.0,0.0,0.0,3.66e-06,1.52e-05,0.000321,0.0
206.0,48.544,3.9e-06,1.66e-05,0.0,0.0,0.0,0.0,3.9e-06,1.66e-05,0.000328,0.0
208.0,48.077,3.76e-06,1.63e-05,0.0,0.0,0.0,0.0,3.76e-06,1.63e-05,0.000336,0.0
210.0,47.619,3.99e-06,1.76e-05,0.0,0.0,0.0,0.0,3.99e-06,1.76e-05,0.000344,0.0
212.0,47.17,4.14e-06,1.86e-05,0.0,0.0,0.0,0.0,4.14e-06,1.86e-05,0.000352,0.0
214.0,46.729,4.08e-06,1.87e-05,0.0,0.0,0.0,0.0,4.08e-06,1.87e-05,0.00036,0.0
216.0,46.296,4.33e-06,2.02e-05,0.0,0.0,0.0,0.0,4.33e-06,2.02e-05,0.000369,0.0
218.0,45.872,4.55e-06,2.16e-05,0.0,0.0,0.0,0.0,4.55e-06,2.16e-05,0.000378,0.0
220.0,45.455,4.38e-06,2.12e-05,0.0,0.0,0.0,0.0,4.38e-06,2.12e-05,0.000387,0.0
222.0,45.045,4.13e-06,2.03e-05,0.0,0.0,0.0,0.0,4.13e-06,2.03e-05,0.000395,0.0
224.0,44.643,4.2e-06,2.11e-05,0.0,0.0,0.0,0.0,4.2e-06,2.11e-05,0.000404,0.0
226.0,44.248,4.08e-06,2.08e-05,0.0,0.0,0.0,0.0,4.08e-06,2.08e-05,0.000412,0.0
228.0,43.86,4.12e-06,2.14e-05,0.0,0.0,0.0,0.0,4.12e-06,2.14e-05,0.00042,0.0
230.0,43.478,4.53e-06,2.4e-05,0.0,0.0,0.0,0.0,4.53e-06,2.4e-05,0.000429,0.0
232.0,43.103,4.73e-06,2.54e-05,0.0,0.0,0.0,0.0,4.73e-06,2.54e-05,0.000438,0.0
234.0,42.735,4.93e-06,2.7e-05,0.0,0.0,0.0,0.0,4.93e-06,2.7e-05,0.000448,0.0
236.0,42.373,5.11e-06,2.84e-05,0.0,0.0,0.0,0.0,5.11e-06,2.84e-05,0.000459,0.0
238.0,42.017,5.18e-06,2.94e-05,0.0,0.0,0.0,0.0,5.18e-06,2.94e-05,0.000469,0.0
240.0,41.667,5.23e-06,3.01e-05,0.0,0.0,0.0,0.0,5.23e-06,3.01e-05,0.000479,0.0
242.0,41.322,5.17e-06,3.03e-05,0.0,0.0,0.0,0.0,5.17e-06,3.03e-05,0.00049,0.0
244.0,40.984,4.81e-06,2.86e-05,0.0,0.0,0.0,0.0,4.81e-06,2.86e-05,0.000499,0.0
246.0,40.65,4.5e-06,2.72e-05,0.0,0.0,0.0,0.0,4.5e-06,2.72e-05,0.000508,0.0
248.0,40.323,4.63e-06,2.84e-05,0.0,0.0,0.0,0.0,4.63e-06,2.84e-05,0.000518,0.0
250.0,40.0,5e-06,3.12e-05,0.0,0.0,0.0,0.0,5e-06,3.12e-05,0.000528,0.0
252.0,39.683,4.9e-06,3.11e-05,0.0,0.0,0.0,0.0,4.9e-06,3.11e-05,0.000537,0.0
254.0,39.37,4.66e-06,3e-05,0.0,0.0,0.0,0.0,4.66e-06,3e-05,0.000547,0.0
256.0,39.063,5.14e-06,3.37e-05,0.0,0.0,0.0,0.0,5.14e-06,3.37e-05,0.000557,0.0
258.0,38.76,5.55e-06,3.7e-05,0.0,0.0,0.0,0.0,5.55e-06,3.7e-05,0.000568,0.0
260.0,38.462,5.74e-06,3.88e-05,0.0,0.0,0.0,0.0,5.74e-06,3.88e-05,0.00058,0.0
262.0,38.168,5.77e-06,3.96e-05,0.0,0.0,0.0,0.0,5.77e-06,3.96e-05,0.000591,0.0
264.0,37.879,5.67e-06,3.95e-05,0.0,0.0,0.0,0.0,5.67e-06,3.95e-05,0.000602,0.0
266.0,37.594,5.47e-06,3.87e-05,0.0,0.0,0.0,0.0,5.47e-06,3.87e-05,0.000613,0.0
268.0,37.313,5.72e-06,4.11e-05,0.0,0.0,0.0,0.0,5.72e-06,4.11e-05,0.000625,0.0
270.0,37.037,6e-06,4.37e-05,0.0,0.0,0.0,0.0,6e-06,4.37e-05,0.000637,0.0
272.0,36.765,6e-06,4.44e-05,0.0,0.0,0.0,0.0,6e-06,4.44e-05,0.000649,0.0
274.0,36.496,5.86e-06,4.4e-05,0.0,0.0,0.0,0.0,5.86e-06,4.4e-05,0.000661,0.0
276.0,36.232,5.43e-06,4.14e-05,0.0,0.0,0.0,0.0,5.43e-06,4.14e-05,0.000671,0.0
278.0,35.971,5.08e-06,3.93e-05,0.0,0.0,0.0,0.0,5.08e-06,3.93e-05,0.000682,0.0
280.0,35.714,5.14e-06,4.03e-05,0.0,0.0,0.0,0.0,5.14e-06,4.03e-05,0.000692,0.0
282.0,35.461,5.32e-06,4.23e-05,0.0,0.0,0.0,0.0,5.32e-06,4.23e-05,0.000702,0.0
284.0,35.211,5.85e-06,4.71e-05,0.0,0.0,0.0,0.0,5.85e-06,4.71e-05,0.000714,0.0
286.0,34.965,6.18e-06,5.05e-05,0.0,0.0,0.0,0.0,6.18e-06,5.05e-05,0.000727,0.0
288.0,34.722,5.89e-06,4.89e-05,0.0,0.0,0.0,0.0,5.89e-06,4.89e-05,0.000738,0.0
290.0,34.483,5.78e-06,4.86e-05,0.0,0.0,0.0,0.0,5.78e-06,4.86e-05,0.00075,0.0
292.0,34.247,6.32e-06,5.39e-05,0.0,0.0,0.0,0.0,6.32e-06,5.39e-05,0.000763,0.0
294.0,34.014,6.61e-06,5.71e-05,0.0,0.0,0.0,0.0,6.61e-06,5.71e-05,0.000776,0.0
296.0,33.784,6.57e-06,5.76e-05,0.0,0.0,0.0,0.0,6.57e-06,5.76e-05,0.000789,0.0
298.0,33.557,6.43e-06,5.71e-05,0.0,0.0,0.0,0.0,6.43e-06,5.71e-05,0.000802,0.0
300.0,33.333,6.23e-06,5.61e-05,0.0,0.0,0.0,0.0,6.23e-06,5.61e-05,0.000814,0.0
302.0,33.113,5.68e-06,5.18e-05,0.0,0.0,0.0,0.0,5.68e-06,5.18e-05,0.000826,0.0
304.0,32.895,5.89e-06,5.44e-05,0.0,0.0,0.0,0.0,5.89e-06,5.44e-05,0.000837,0.0
306.0,32.68,6.61e-06,6.19e-05,0.0,0.0,0.0,0.0,6.61e-06,6.19e-05,0.000851,0.0
308.0,32.468,6.85e-06,6.5e-05,0.0,0.0,0.0,0.0,6.85e-06,6.5e-05,0.000864,0.0
310.0,32.258,6.96e-06,6.69e-05,0.0,0.0,0.0,0.0,6.96e-06,6.69e-05,0.000878,0.0
312.0,32.051,7.03e-06,6.84e-05,0.0,0.0,0.0,0.0,7.03e-06,6.84e-05,0.000892,0.0
314.0,31.847,6.7e-06,6.6e-05,0.0,0.0,0.0,0.0,6.7e-06,6.6e-05,0.000906,0.0
316.0,31.646,6.72e-06,6.71e-05,0.0,0.0,0.0,0.0,6.72e-06,6.71e-05,0.000919,0.0
318.0,31.447,7.19e-06,7.28e-05,0.0,0.0,0.0,0.0,7.19e-06,7.28e-05,0.000933,0.0
320.0,31.25,7.17e-06,7.35e-05,0.0,0.0,0.0,0.0,7.17e-06,7.35e-05,0.000948,0.0
322.0,31.056,6.7e-06,6.94e-05,0.0,0.0,0.0,0.0,6.7e-06,6.94e-05,0.000961,0.0
324.0,30.864,6.28e-06,6.59e-05,0.0,0.0,0.0,0.0,6.28e-06,6.59e-05,0.000974,0.0
326.0,30.675,6.49e-06,6.9e-05,0.0,0.0,0.0,0.0,6.49e-06,6.9e-05,0.000987,0.0
328.0,30.488,6.4e-06,6.89e-05,0.0,0.0,0.0,0.0,6.4e-06,6.89e-05,0.001,0.0
330.0,30.303,7.05e-06,7.68e-05,0.0,0.0,0.0,0.0,7.05e-06,7.68e-05,0.00101,0.0
332.0,30.12,7.41e-06,8.16e-05,0.0,0.0,0.0,0.0,7.41e-06,8.16e-05,0.00103,0.0
334.0,29.94,6.89e-06,7.69e-05,0.0,0.0,0.0,0.0,6.89e-06,7.69e-05,0.00104,0.0
336.0,29.762,6.82e-06,7.7e-05,0.0,0.0,0.0,0.0,6.82e-06,7.7e-05,0.00106,0.0
338.0,29.586,7.48e-06,8.54e-05,0.0,0.0,0.0,0.0,7.48e-06,8.54e-05,0.00107,0.0
340.0,29.412,7.28e-06,8.42e-05,0.0,0.0,0.0,0.0,7.28e-06,8.42e-05,0.00109,0.0
342.0,29.24,7.2e-06,8.43e-05,0.0,0.0,0.0,0.0,7.2e-06,8.43e-05,0.0011,0.0
344.0,29.07,7.51e-06,8.89e-05,0.0,0.0,0.0,0.0,7.51e-06,8.89e-05,0.00111,0.0
346.0,28.902,7.66e-06,9.17e-05,0.0,0.0,0.0,0.0,7.66e-06,9.17e-05,0.00113,0.0
348.0,28.736,7.43e-06,8.99e-05,0.0,0.0,0.0,0.0,7.43e-06,8.99e-05,0.00114,0.0
350.0,28.571,6.87e-06,8.42e-05,0.0,0.0,0.0,0.0,6.87e-06,8.42e-05,0.00116,0.0
352.0,28.409,6.77e-06,8.39e-05,0.0,0.0,0.0,0.0,6.77e-06,8.39e-05,0.00117,0.0
354.0,28.249,6.87e-06,8.62e-05,0.0,0.0,0.0,0.0,6.87e-06,8.62e-05,0.00119,0.0
356.0,28.09,6.96e-06,8.83e-05,0.0,0.0,0.0,0.0,6.96e-06,8.83e-05,0.0012,0.0
358.0,27.933,7.25e-06,9.3e-05,0.0,0.0,0.0,0.0,7.25e-06,9.3e-05,0.00121,0.0
360.0,27.778,8.04e-06,0.000104,0.0,0.0,0.0,0.0,8.04e-06,0.000104,0.00123,0.0
362.0,27.624,8.37e-06,0.00011,0.0,0.0,0.0,0.0,8.37e-06,0.00011,0.00125,0.0
364.0,27.473,8.51e-06,0.000113,0.0,0.0,0.0,0.0,8.51e-06,0.000113,0.00126,0.0
366.0,27.322,8.61e-06,0.000115,0.0,0.0,0.0,0.0,8.61e-06,0.000115,0.00128,0.0
368.0,27.174,8.16e-06,0.000111,0.0,0.0,0.0,0.0,8.16e-06,0.000111,0.0013,0.0
370.0,27.027,7.73e-06,0.000106,0.0,0.0,0.0,0.0,7.73e-06,0.000106,0.00131,0.0
372.0,26.882,8.06e-06,0.000112,0.0,0.0,0.0,0.0,8.06e-06,0.000112,0.00133,0.0
374.0,26.738,7.5e-06,0.000105,0.0,0.0,0.0,0.0,7.5e-06,0.000105,0.00134,0.0
376.0,26.596,7.48e-06,0.000106,0.0,0.0,0.0,0.0,7.48e-06,0.000106,0.00136,0.0
378.0,26.455,8.34e-06,0.000119,0.0,0.0,0.0,0.0,8.34e-06,0.000119,0.00138,0.0
380.0,26.316,8.77e-06,0.000127,5.84e-43,8.44e-42,0.0,0.0,8.77e-06,0.000127,0.00139,0.0
382.0,26.178,8.69e-06,0.000127,5.9e-43,8.61e-42,0.0,0.0,8.69e-06,0.000127,0.00141,0.0
384.0,26.042,7.89e-06,0.000116,4.2e-45,6.17e-44,0.0,0.0,7.89e-06,0.000116,0.00143,0.0
386.0,25.907,7.92e-06,0.000118,2.57e-37,3.83e-36,0.0,0.0,7.92e-06,0.000118,0.00144,0.0
388.0,25.773,8.93e-06,0.000134,1.52e-34,2.28e-33,0.0,0.0,8.93e-06,0.000134,0.00146,0.0
390.0,25.641,9.24e-06,0.000141,2.66e-34,4.05e-33,0.0,0.0,9.24e-06,0.000141,0.00148,0.0
392.0,25.51,9.02e-06,0.000139,7.2e-35,1.11e-33,0.0,0.0,9.02e-06,0.000139,0.0015,0.0
394.0,25.381,8.25e-06,0.000128,4.32e-41,6.71e-40,0.0,0.0,8.25e-06,0.000128,0.00151,0.0
396.0,25.253,7.57e-06,0.000119,0.0,0.0,0.0,0.0,7.57e-06,0.000119,0.00153,0.0
398.0,25.126,7.41e-06,0.000117,0.0,0.0,0.0,0.0,7.41e-06,0.000117,0.00154,0.0
400.0,25.0,8.08e-06,0.000129,4.88e-40,7.81e-39,0.0,0.0,8.08e-06,0.000129,0.00156,0.0
402.0,24.876,9.19e-06,0.000149,5.81e-29,9.38e-28,0.0,0.0,9.19e-06,0.000149,0.00158,0.0
404.0,24.752,9.6e-06,0.000157,2.51e-26,4.1e-25,0.0,0.0,9.6e-06,0.000157,0.0016,0.0
406.0,24.631,9.74e-06,0.000161,1.19e-23,1.96e-22,0.0,0.0,9.74e-06,0.000161,0.00162,0.0
408.0,24.51,9.93e-06,0.000165,5.57e-23,9.28e-22,0.0,0.0,9.93e-06,0.000165,0.00164,0.0
410.0,24.39,9.98e-06,0.000168,7.52e-23,1.26e-21,0.0,0.0,9.98e-06,0.000168,0.00166,0.0
412.0,24.272,9.97e-06,0.000169,4.1e-23,6.96e-22,0.0,0.0,9.97e-06,0.000169,0.00168,0.0
414.0,24.155,9.73e-06,0.000167,3.68e-24,6.31e-23,0.0,0.0,9.73e-06,0.000167,0.0017,0.0
416.0,24.038,9.02e-06,0.000156,3.7e-28,6.4e-27,0.0,0.0,9.02e-06,0.000156,0.00171,0.0
418.0,23.923,7.8e-06,0.000136,2.8e-45,4.9e-44,0.0,0.0,7.8e-06,0.000136,0.00173,0.0
420.0,23.81,7.87e-06,0.000139,0.0,0.0,0.0,0.0,7.87e-06,0.000139,0.00175,0.0
422.0,23.697,8.71e-06,0.000155,2.97e-36,5.29e-35,0.0,0.0,8.71e-06,0.000155,0.00176,0.0
424.0,23.585,8.93e-06,0.00016,1.59e-31,2.86e-30,0.0,0.0,8.93e-06,0.00016,0.00178,0.0
426.0,23.474,9.31e-06,0.000169,6e-22,1.09e-20,0.0,0.0,9.31e-06,0.000169,0.0018,0.0
428.0,23.364,1e-05,0.000183,4.61e-21,8.44e-20,0.0,0.0,1e-05,0.000183,0.00182,0.0
430.0,23.256,9.75e-06,0.00018,7.37e-21,1.36e-19,0.0,0.0,9.75e-06,0.00018,0.00184,0.0
432.0,23.148,9.7e-06,0.000181,2.26e-20,4.21e-19,0.0,0.0,9.7e-06,0.000181,0.00186,0.0
434.0,23.041,9.94e-06,0.000187,1.88e-20,3.54e-19,0.0,0.0,9.94e-06,0.000187,0.00188,0.0
436.0,22.936,9.7e-06,0.000184,2.18e-20,4.14e-19,0.0,0.0,9.7e-06,0.000184,0.0019,0.0
438.0,22.831,1.03e-05,0.000197,3.52e-19,6.75e-18,0.0,0.0,1.03e-05,0.000197,0.00192,0.0
440.0,22.727,9.97e-06,0.000193,3.17e-19,6.13e-18,0.0,0.0,9.97e-06,0.000193,0.00194,0.0
442.0,22.624,8.87e-06,0.000173,3.77e-21,7.37e-20,0.0,0.0,8.87e-06,0.000173,0.00196,0.0
444.0,22.523,9.29e-06,0.000183,6.02e-24,1.19e-22,0.0,0.0,9.29e-06,0.000183,0.00197,0.0
446.0,22.422,9.82e-06,0.000195,1.14e-20,2.26e-19,0.0,0.0,9.82e-06,0.000195,0.00199,0.0
448.0,22.321,1.03e-05,0.000207,2.31e-17,4.64e-16,0.0,0.0,1.03e-05,0.000207,0.00201,0.0
450.0,22.222,1.06e-05,0.000214,2.38e-17,4.82e-16,0.0,0.0,1.06e-05,0.000214,0.00204,0.0
452.0,22.124,9.91e-06,0.000202,4.41e-19,9e-18,0.0,0.0,9.91e-06,0.000202,0.00206,0.0
454.0,22.026,9.86e-06,0.000203,6.29e-20,1.3e-18,0.0,0.0,9.86e-06,0.000203,0.00208,0.0
456.0,21.93,9.21e-06,0.000192,1.34e-25,2.79e-24,0.0,0.0,9.21e-06,0.000192,0.00209,0.0
458.0,21.834,8.57e-06,0.00018,1.66e-25,3.48e-24,0.0,0.0,8.57e-06,0.00018,0.00211,0.0
460.0,21.739,9.75e-06,0.000206,6.83e-22,1.44e-20,0.0,0.0,9.75e-06,0.000206,0.00213,0.0
462.0,21.645,1.06e-05,0.000225,1.02e-15,2.18e-14,0.0,0.0,1.06e-05,0.000225,0.00215,0.0
464.0,21.552,1.1e-05,0.000238,1.19e-14,2.56e-13,0.0,0.0,1.1e-05,0.000238,0.00217,0.0
466.0,21.459,1.07e-05,0.000233,1.04e-14,2.25e-13,0.0,0.0,1.07e-05,0.000233,0.00219,0.0
468.0,21.368,1.01e-05,0.000222,1.72e-16,3.77e-15,0.0,0.0,1.01e-05,0.000222,0.00222,0.0
470.0,21.277,9.97e-06,0.00022,8.43e-20,1.86e-18,0.0,0.0,9.97e-06,0.00022,0.00223,0.0
472.0,21.186,8.94e-06,0.000199,1.08e-20,2.41e-19,0.0,0.0,8.94e-06,0.000199,0.00225,0.0
474.0,21.097,9.58e-06,0.000215,2e-17,4.5e-16,0.0,0.0,9.58e-06,0.000215,0.00227,0.0
476.0,21.008,1.08e-05,0.000245,1.42e-13,3.21e-12,0.0,0.0,1.08e-05,0.000245,0.00229,0.0
478.0,20.921,1.14e-05,0.00026,8.82e-13,2.01e-11,0.0,0.0,1.14e-05,0.00026,0.00232,0.0
480.0,20.833,1.13e-05,0.000259,7.46e-13,1.72e-11,0.0,0.0,1.13e-05,0.000259,0.00234,0.0
482.0,20.747,1.04e-05,0.000242,8.29e-14,1.93e-12,0.0,0.0,1.04e-05,0.000242,0.00236,0.0
484.0,20.661,9.68e-06,0.000227,2.38e-14,5.58e-13,0.0,0.0,9.68e-06,0.000227,0.00238,0.0
486.0,20.576,1.06e-05,0.000249,7.7e-13,1.82e-11,0.0,0.0,1.06e-05,0.000249,0.0024,0.0
488.0,20.492,1.15e-05,0.000273,4.36e-12,1.04e-10,0.0,0.0,1.15e-05,0.000273,0.00242,0.0
490.0,20.408,1.12e-05,0.00027,3.16e-12,7.59e-11,0.0,0.0,1.12e-05,0.00027,0.00245,0.0
492.0,20.325,1.03e-05,0.00025,2e-13,4.84e-12,0.0,0.0,1.03e-05,0.00025,0.00247,0.0
494.0,20.243,1.1e-05,0.00027,1.28e-11,3.13e-10,0.0,0.0,1.1e-05,0.00027,0.00249,0.0
496.0,20.161,1.19e-05,0.000293,7.68e-11,1.89e-09,0.0,0.0,1.19e-05,0.000293,0.00251,1e-05
498.0,20.08,1.2e-05,0.000296,8.13e-11,2.02e-09,0.0,0.0,1.2e-05,0.000296,0.00254,1e-05
500.0,20.0,1.12e-05,0.000279,1.68e-11,4.2e-10,0.0,0.0,1.12e-05,0.000279,0.00256,0.0
502.0,19.92,9.95e-06,0.000251,7.11e-14,1.79e-12,0.0,0.0,9.95e-06,0.000251,0.00258,0.0
504.0,19.841,1.03e-05,0.000262,1.12e-15,2.83e-14,0.0,0.0,1.03e-05,0.000262,0.0026,0.0
506.0,19.763,1.01e-05,0.000259,1.06e-13,2.7e-12,0.0,0.0,1.01e-05,0.000259,0.00262,0.0
508.0,19.685,1.05e-05,0.000271,1.13e-12,2.92e-11,0.0,0.0,1.05e-05,0.000271,0.00264,0.0
510.0,19.608,1.12e-05,0.00029,1.99e-12,5.17e-11,0.0,0.0,1.12e-05,0.00029,0.00266,0.0
512.0,19.531,1.13e-05,0.000298,2.73e-11,7.15e-10,0.0,0.0,1.13e-05,0.000298,0.00269,0.0
514.0,19.455,1.14e-05,0.000301,2.65e-11,7.01e-10,0.0,0.0,1.14e-05,0.000301,0.00271,0.0
516.0,19.38,1.02e-05,0.000271,5.79e-13,1.54e-11,0.0,0.0,1.02e-05,0.000271,0.00273,0.0
518.0,19.305,9.53e-06,0.000256,2.93e-15,7.86e-14,0.0,0.0,9.53e-06,0.000256,0.00275,0.0
520.0,19.231,1.02e-05,0.000277,3.62e-12,9.78e-11,0.0,0.0,1.02e-05,0.000277,0.00277,0.0
522.0,19.157,1.15e-05,0.000314,1.96e-11,5.34e-10,0.0,0.0,1.15e-05,0.000314,0.00279,0.0
524.0,19.084,1.11e-05,0.000304,1.27e-11,3.47e-10,0.0,0.0,1.11e-05,0.000304,0.00281,0.0
526.0,19.011,1.03e-05,0.000285,1.32e-11,3.66e-10,0.0,0.0,1.03e-05,0.000285,0.00283,0.0
528.0,18.939,1.16e-05,0.000323,4.98e-10,1.39e-08,0.0,0.0,1.16e-05,0.000323,0.00286,3e-05
530.0,18.868,1.24e-05,0.000348,3.45e-09,9.68e-08,0.0,0.0,1.24e-05,0.000348,0.00288,0.00023
532.0,18.797,1.24e-05,0.000352,4.8e-09,1.36e-07,0.0,0.0,1.25e-05,0.000352,0.00291,0.00032
534.0,18.727,1.19e-05,0.00034,1.63e-09,4.66e-08,0.0,0.0,1.19e-05,0.00034,0.00293,0.00011
536.0,18.657,1.12e-05,0.000323,5.22e-10,1.5e-08,0.0,0.0,1.12e-05,0.000323,0.00295,4e-05
538.0,18.587,1.19e-05,0.000345,3.43e-09,9.92e-08,0.0,0.0,1.19e-05,0.000346,0.00298,0.00023
540.0,18.519,1.2e-05,0.000351,3.61e-09,1.05e-07,0.0,0.0,1.2e-05,0.000351,0.003,0.00024
542.0,18.45,1.19e-05,0.00035,1.58e-09,4.63e-08,0.0,0.0,1.19e-05,0.00035,0.00302,0.00011
544.0,18.382,1.13e-05,0.000336,1.06e-09,3.15e-08,0.0,0.0,1.13e-05,0.000336,0.00305,7e-05
546.0,18.315,1.03e-05,0.000306,1.87e-11,5.57e-10,0.0,0.0,1.03e-05,0.000306,0.00307,0.0
548.0,18.248,1.09e-05,0.000327,9.78e-11,2.94e-09,0.0,0.0,1.09e-05,0.000327,0.00309,1e-05
550.0,18.182,1.13e-05,0.000343,6.41e-10,1.94e-08,0.0,0.0,1.13e-05,0.000343,0.00311,4e-05
552.0,18.116,1.2e-05,0.000365,4.45e-09,1.36e-07,0.0,0.0,1.2e-05,0.000365,0.00314,0.0003
554.0,18.051,1.19e-05,0.000364,4.48e-09,1.37e-07,0.0,0.0,1.19e-05,0.000364,0.00316,0.0003
556.0,17.986,1.19e-05,0.000367,5.62e-09,1.74e-07,0.0,0.0,1.19e-05,0.000367,0.00318,0.00038
558.0,17.921,1.25e-05,0.000389,1.77e-08,5.5e-07,0.0,0.0,1.25e-05,0.000389,0.00321,0.00118
560.0,17.857,1.27e-05,0.000399,3.2e-08,1e-06,0.0,0.0,1.28e-05,0.0004,0.00323,0.00214
562.0,17.794,1.22e-05,0.000385,2.17e-08,6.85e-07,0.0,0.0,1.22e-05,0.000385,0.00326,0.00145
564.0,17.73,1.19e-05,0.000379,5.88e-09,1.87e-07,0.0,0.0,1.19e-05,0.000379,0.00328,0.00039
566.0,17.668,1.15e-05,0.000369,2.83e-09,9.08e-08,0.0,0.0,1.15e-05,0.000369,0.00331,0.00019
568.0,17.606,1.04e-05,0.000335,9.14e-11,2.95e-09,0.0,0.0,1.04e-05,0.000335,0.00333,1e-05
570.0,17.544,1.08e-05,0.000351,1.02e-10,3.32e-09,0.0,0.0,1.08e-05,0.000351,0.00335,1e-05
572.0,17.483,1.21e-05,0.000394,7.33e-09,2.4e-07,0.0,0.0,1.21e-05,0.000395,0.00337,0.00049
574.0,17.422,1.22e-05,0.000401,1.15e-08,3.79e-07,0.0,0.0,1.22e-05,0.000401,0.0034,0.00077
576.0,17.361,1.11e-05,0.000369,2.85e-09,9.46e-08,0.0,0.0,1.11e-05,0.000369,0.00342,0.00019
578.0,17.301,1.18e-05,0.000394,4.49e-09,1.5e-07,0.0,0.0,1.18e-05,0.000394,0.00344,0.0003
580.0,17.241,1.14e-05,0.000382,3.19e-09,1.07e-07,0.0,0.0,1.14e-05,0.000382,0.00347,0.00021
582.0,17.182,1.14e-05,0.000385,2.93e-09,9.93e-08,0.0,0.0,1.14e-05,0.000385,0.00349,0.0002
584.0,17.123,1.2e-05,0.00041,6.69e-09,2.28e-07,0.0,0.0,1.2e-05,0.00041,0.00351,0.00045
586.0,17.065,1.23e-05,0.000422,3.1e-08,1.07e-06,0.0,0.0,1.23e-05,0.000423,0.00354,0.00207
588.0,17.007,1.27e-05,0.00044,5.18e-08,1.79e-06,0.0,0.0,1.28e-05,0.000442,0.00356,0.00345
590.0,16.949,1.17e-05,0.000409,1.94e-08,6.76e-07,0.0,0.0,1.18e-05,0.00041,0.00359,0.00129
592.0,16.892,1.04e-05,0.000366,6e-10,2.1e-08,0.0,0.0,1.04e-05,0.000366,0.00361,4e-05
594.0,16.835,1.11e-05,0.000392,3.02e-09,1.07e-07,0.0,0.0,1.11e-05,0.000392,0.00363,0.0002
596.0,16.779,1.21e-05,0.000431,4.47e-08,1.59e-06,0.0,0.0,1.22e-05,0.000432,0.00365,0.00298
598.0,16.722,1.25e-05,0.000448,6.45e-08,2.31e-06,0.0,0.0,1.26e-05,0.00045,0.00368,0.0043
600.0,16.667,1.19e-05,0.000428,3.11e-08,1.12e-06,0.0,0.0,1.19e-05,0.000429,0.0037,0.00208
602.0,16.611,1.23e-05,0.000446,7.7e-08,2.79e-06,0.0,0.0,1.24e-05,0.000449,0.00373,0.00514
604.0,16.556,1.24e-05,0.000452,9.46e-08,3.45e-06,0.0,0.0,1.25e-05,0.000456,0.00375,0.00632
606.0,16.502,1.27e-05,0.000466,2.2e-07,8.09e-06,0.0,0.0,1.29e-05,0.000474,0.00378,0.01471
608.0,16.447,1.28e-05,0.000474,2.86e-07,1.06e-05,0.0,0.0,1.31e-05,0.000484,0.0038,0.01911
610.0,16.393,1.28e-05,0.000475,2.61e-07,9.71e-06,0.0,0.0,1.3e-05,0.000485,0.00383,0.01744
612.0,16.34,1.24e-05,0.000464,1.58e-07,5.93e-06,0.0,0.0,1.25e-05,0.00047,0.00385,0.01058
614.0,16.287,1.19e-05,0.000449,5.68e-08,2.14e-06,0.0,0.0,1.2e-05,0.000451,0.00388,0.0038
616.0,16.234,1.12e-05,0.000426,2.84e-08,1.08e-06,0.0,0.0,1.13e-05,0.000427,0.0039,0.0019
618.0,16.181,1.2e-05,0.000459,7.85e-08,3e-06,0.0,0.0,1.21e-05,0.000462,0.00393,0.00526
620.0,16.129,1.23e-05,0.000474,8.45e-08,3.25e-06,0.0,0.0,1.24e-05,0.000477,0.00395,0.00566
622.0,16.077,1.24e-05,0.00048,1.39e-07,5.4e-06,0.0,0.0,1.25e-05,0.000485,0.00398,0.00934
624.0,16.026,1.18e-05,0.000461,9.33e-08,3.63e-06,0.0,0.0,1.19e-05,0.000465,0.004,0.00625
626.0,15.974,1.15e-05,0.00045,8.03e-08,3.15e-06,0.0,0.0,1.16e-05,0.000453,0.00402,0.00539
628.0,15.924,1.25e-05,0.000494,3.77e-07,1.49e-05,0.0,0.0,1.29e-05,0.000509,0.00405,0.02527
630.0,15.873,1.27e-05,0.000503,5.23e-07,2.08e-05,0.0,0.0,1.32e-05,0.000524,0.00407,0.03509
632.0,15.823,1.23e-05,0.00049,2.83e-07,1.13e-05,0.0,0.0,1.26e-05,0.000501,0.0041,0.01903
634.0,15.773,1.16e-05,0.000466,4.8e-08,1.93e-06,0.0,0.0,1.16e-05,0.000468,0.00412,0.00323
636.0,15.723,1.14e-05,0.000463,1.56e-08,6.32e-07,0.0,0.0,1.15e-05,0.000463,0.00415,0.00105
638.0,15.674,1.15e-05,0.000467,1.91e-08,7.76e-07,0.0,0.0,1.15e-05,0.000468,0.00417,0.00128
640.0,15.625,1.18e-05,0.000482,1.28e-07,5.24e-06,0.0,0.0,1.19e-05,0.000487,0.00419,0.00862
642.0,15.576,1.21e-05,0.0005,2.49e-07,1.03e-05,0.0,0.0,1.24e-05,0.00051,0.00422,0.01676
644.0,15.528,1.18e-05,0.00049,1.4e-07,5.81e-06,0.0,0.0,1.2e-05,0.000496,0.00424,0.00944
646.0,15.48,1.2e-05,0.0005,4.42e-07,1.84e-05,0.0,0.0,1.24e-05,0.000519,0.00427,0.02982
648.0,15.432,1.22e-05,0.000512,1.01e-06,4.25e-05,0.0,0.0,1.32e-05,0.000555,0.00429,0.06832
650.0,15.385,1.22e-05,0.000516,9.35e-07,3.95e-05,0.0,0.0,1.31e-05,0.000556,0.00432,0.06319
652.0,15.337,1.21e-05,0.000514,7.44e-07,3.16e-05,0.0,0.0,1.28e-05,0.000546,0.00434,0.05031
654.0,15.291,1.21e-05,0.000516,1.14e-06,4.88e-05,0.0,0.0,1.32e-05,0.000564,0.00437,0.07723
656.0,15.244,1.21e-05,0.000522,1.15e-06,4.97e-05,0.0,0.0,1.33e-05,0.000571,0.0044,0.07818
658.0,15.198,1.17e-05,0.000505,5.1e-07,2.21e-05,0.0,0.0,1.22e-05,0.000527,0.00442,0.03459
660.0,15.152,1.16e-05,0.000505,2.38e-07,1.04e-05,0.0,0.0,1.18e-05,0.000516,0.00445,0.01619
662.0,15.106,1.2e-05,0.000526,4.46e-07,1.95e-05,0.0,0.0,1.24e-05,0.000545,0.00447,0.03028
664.0,15.06,1.18e-05,0.000521,9.53e-07,4.2e-05,0.0,0.0,1.28e-05,0.000563,0.0045,0.06479
666.0,15.015,1.19e-05,0.00053,1.13e-06,5.01e-05,0.0,0.0,1.31e-05,0.00058,0.00452,0.07692
668.0,14.97,1.17e-05,0.00052,4.28e-07,1.91e-05,0.0,0.0,1.21e-05,0.000539,0.00455,0.02915
670.0,14.925,1.16e-05,0.000522,2.96e-07,1.33e-05,0.0,0.0,1.19e-05,0.000535,0.00457,0.02023
672.0,14.881,1.19e-05,0.000535,6.07e-07,2.74e-05,0.0,0.0,1.25e-05,0.000563,0.0046,0.04148
674.0,14.837,1.17e-05,0.00053,1.17e-06,5.3e-05,0.0,0.0,1.28e-05,0.000583,0.00462,0.0798
676.0,14.793,1.16e-05,0.000532,1.57e-06,7.2e-05,0.0,0.0,1.32e-05,0.000603,0.00465,0.10774
678.0,14.749,1.16e-05,0.000535,9.88e-07,4.54e-05,0.0,0.0,1.26e-05,0.000581,0.00467,0.06769
680.0,14.706,1.14e-05,0.000529,1.3e-06,6.01e-05,0.0,0.0,1.27e-05,0.000589,0.0047,0.08923
682.0,14.663,1.13e-05,0.000526,1.95e-06,9.07e-05,0.0,0.0,1.33e-05,0.000617,0.00472,0.1339
684.0,14.62,1.13e-05,0.000527,1.96e-06,9.16e-05,0.0,0.0,1.32e-05,0.000618,0.00475,0.13463
686.0,14.577,1.14e-05,0.000536,1.2e-06,5.66e-05,0.0,0.0,1.26e-05,0.000592,0.00478,0.08272
688.0,14.535,1.11e-05,0.000524,2.35e-07,1.11e-05,0.0,0.0,1.13e-05,0.000535,0.0048,0.01615
690.0,14.493,1.13e-05,0.000537,4.2e-07,2e-05,0.0,0.0,1.17e-05,0.000557,0.00482,0.02903
692.0,14.451,1.15e-05,0.00055,8.66e-07,4.15e-05,0.0,0.0,1.24e-05,0.000592,0.00485,0.05981
694.0,14.409,1.13e-05,0.000543,3.62e-07,1.74e-05,0.0,0.0,1.16e-05,0.00056,0.00487,0.02499
696.0,14.368,1.12e-05,0.000541,9.02e-08,4.37e-06,0.0,0.0,1.13e-05,0.000546,0.00489,0.00625
698.0,14.327,1.11e-05,0.000539,5.72e-07,2.79e-05,0.0,0.0,1.16e-05,0.000567,0.00492,0.03973
700.0,14.286,1.11e-05,0.000542,1.75e-06,8.57e-05,0.0,0.0,1.28e-05,0.000628,0.00494,0.12146
702.0,14.245,1.12e-05,0.000551,1.68e-06,8.27e-05,0.0,0.0,1.29e-05,0.000634,0.00497,0.1167
704.0,14.205,1.11e-05,0.000552,5.33e-07,2.64e-05,0.0,0.0,1.17e-05,0.000578,0.00499,0.03708
706.0,14.164,1.1e-05,0.00055,1.13e-07,5.65e-06,0.0,0.0,1.11e-05,0.000555,0.00501,0.00791
708.0,14.124,1.11e-05,0.000558,9.19e-07,4.6e-05,0.0,0.0,1.2e-05,0.000604,0.00504,0.06422
710.0,14.085,1.07e-05,0.000541,2.17e-06,0.000109,0.0,0.0,1.29e-05,0.000651,0.00506,0.15195
712.0,14.045,1.08e-05,0.000545,1.69e-06,8.59e-05,0.0,0.0,1.24e-05,0.000631,0.00509,0.11868
714.0,14.006,1.08e-05,0.000552,1.28e-06,6.53e-05,0.0,0.0,1.21e-05,0.000617,0.00511,0.08985
716.0,13.966,1.03e-05,0.00053,2.48e-06,0.000127,0.0,0.0,1.28e-05,0.000657,0.00514,0.17413
718.0,13.928,1.02e-05,0.000527,2.7e-06,0.000139,0.0,0.0,1.29e-05,0.000666,0.00516,0.18982
720.0,13.889,1.03e-05,0.000532,2.63e-06,0.000136,0.0,0.0,1.29e-05,0.000668,0.00519,0.18537
722.0,13.85,1.01e-05,0.000525,2.87e-06,0.000149,0.0,0.0,1.29e-05,0.000674,0.00521,0.20232
724.0,13.812,9.77e-06,0.000512,3.26e-06,0.000171,0.0,0.0,1.3e-05,0.000683,0.00524,0.23035
726.0,13.774,9.79e-06,0.000516,3.25e-06,0.000171,0.0,0.0,1.3e-05,0.000688,0.00527,0.2303
728.0,13.736,1.02e-05,0.00054,2.31e-06,0.000122,0.0,0.0,1.25e-05,0.000662,0.00529,0.1637
730.0,13.699,1.07e-05,0.000568,1.21e-06,6.45e-05,0.0,0.0,1.19e-05,0.000632,0.00532,0.08608
732.0,13.661,1.01e-05,0.000541,2.34e-06,0.000126,0.0,0.0,1.24e-05,0.000666,0.00534,0.16684
734.0,13.624,9.61e-06,0.000518,3.36e-06,0.000181,0.0,0.0,1.3e-05,0.000699,0.00537,0.23986
736.0,13.587,9.46e-06,0.000513,3.5e-06,0.00019,0.0,0.0,1.3e-05,0.000702,0.00539,0.24994
738.0,13.55,9.62e-06,0.000524,3.28e-06,0.000179,0.0,0.0,1.29e-05,0.000703,0.00542,0.23486
740.0,13.514,1.04e-05,0.000569,1.82e-06,9.97e-05,0.0,0.0,1.22e-05,0.000668,0.00544,0.13043
742.0,13.477,1.07e-05,0.000589,1.09e-06,6.01e-05,0.0,0.0,1.18e-05,0.000649,0.00547,0.07847
744.0,13.441,1.05e-05,0.000583,1.45e-06,8.03e-05,0.0,0.0,1.2e-05,0.000663,0.00549,0.10435
746.0,13.405,9.95e-06,0.000554,2.27e-06,0.000126,0.0,0.0,1.22e-05,0.00068,0.00551,0.16381
748.0,13.369,9.84e-06,0.00055,2.43e-06,0.000136,0.0,0.0,1.23e-05,0.000686,0.00554,0.17519
750.0,13.333,9.66e-06,0.000543,2.84e-06,0.00016,0.0,0.0,1.25e-05,0.000703,0.00556,0.20556
752.0,13.298,9.86e-06,0.000557,2.54e-06,0.000144,0.0,0.0,1.24e-05,0.000701,0.00559,0.18408
754.0,13.263,1.02e-05,0.000582,1.65e-06,9.38e-05,0.0,0.0,1.19e-05,0.000676,0.00561,0.11976
756.0,13.228,9.72e-06,0.000555,2.42e-06,0.000139,0.0,0.0,1.21e-05,0.000694,0.00564,0.17648
758.0,13.193,8.91e-06,0.000512,3.82e-06,0.00022,0.0,0.0,1.27e-05,0.000731,0.00566,0.2786
760.0,13.158,8.92e-06,0.000515,3.78e-06,0.000218,0.0,0.0,1.27e-05,0.000734,0.00569,0.27625
762.0,13.123,8.75e-06,0.000508,3.98e-06,0.000231,0.0,0.0,1.27e-05,0.000739,0.00571,0.29113
764.0,13.089,8.49e-06,0.000495,4.27e-06,0.000249,0.0,0.0,1.28e-05,0.000745,0.00574,0.31317
766.0,13.055,8.62e-06,0.000506,4.06e-06,0.000238,0.0,0.0,1.27e-05,0.000744,0.00576,0.29804
768.0,13.021,9.06e-06,0.000535,3.3e-06,0.000195,0.0,0.0,1.24e-05,0.000729,0.00579,0.24273
770.0,12.987,9.17e-06,0.000544,3.05e-06,0.000181,0.0,0.0,1.22e-05,0.000725,0.00581,0.22519
772.0,12.953,8.54e-06,0.000509,4.03e-06,0.00024,0.0,0.0,1.26e-05,0.000749,0.00584,0.29788
774.0,12.92,8.73e-06,0.000523,3.72e-06,0.000223,0.0,0.0,1.24e-05,0.000746,0.00586,0.27524
776.0,12.887,9.56e-06,0.000576,2.23e-06,0.000134,0.0,0.0,1.18e-05,0.00071,0.00589,0.16545
778.0,12.853,9.3e-06,0.000563,2.59e-06,0.000157,0.0,0.0,1.19e-05,0.000719,0.00591,0.19249
780.0,12.821,8.62e-06,0.000525,3.72e-06,0.000226,0.0,0.0,1.23e-05,0.000751,0.00594,0.27739
782.0,12.788,8.45e-06,0.000517,3.82e-06,0.000234,0.0,0.0,1.23e-05,0.000751,0.00596,0.2857
784.0,12.755,9.2e-06,0.000566,2.47e-06,0.000152,0.0,0.0,1.17e-05,0.000718,0.00598,0.18524
786.0,12.723,8.65e-06,0.000535,3.49e-06,0.000215,0.0,0.0,1.21e-05,0.00075,0.00601,0.26168
788.0,12.69,7.86e-06,0.000488,4.61e-06,0.000286,0.0,0.0,1.25e-05,0.000775,0.00603,0.34672
790.0,12.658,7.8e-06,0.000487,4.63e-06,0.000289,0.0,0.0,1.24e-05,0.000776,0.00606,0.34898
792.0,12.626,8.35e-06,0.000524,3.82e-06,0.00024,0.0,0.0,1.22e-05,0.000764,0.00608,0.28878
794.0,12.594,9.31e-06,0.000587,2.26e-06,0.000142,0.0,0.0,1.16e-05,0.000729,0.0061,0.17087
796.0,12.563,9.49e-06,0.000601,1.73e-06,0.00011,0.0,0.0,1.12e-05,0.000711,0.00613,0.13143
798.0,12.531,9.38e-06,0.000597,1.67e-06,0.000106,0.0,0.0,1.11e-05,0.000704,0.00615,0.12715
800.0,12.5,8.54e-06,0.000547,2.98e-06,0.000191,0.0,0.0,1.15e-05,0.000737,0.00617,0.22727
802.0,12.469,8.37e-06,0.000538,3.58e-06,0.00023,0.0,0.0,1.19e-05,0.000768,0.0062,0.27315
804.0,12.438,8.6e-06,0.000556,3.09e-06,0.0002,0.0,0.0,1.17e-05,0.000756,0.00622,0.23669
806.0,12.407,8.1e-06,0.000526,3.82e-06,0.000248,0.0,0.0,1.19e-05,0.000774,0.00624,0.2929
808.0,12.376,8.25e-06,0.000539,3.51e-06,0.000229,0.0,0.0,1.18e-05,0.000768,0.00627,0.26984
810.0,12.346,7.46e-06,0.000489,4.61e-06,0.000303,0.0,0.0,1.21e-05,0.000792,0.00629,0.35585
812.0,12.315,7.29e-06,0.000481,4.81e-06,0.000317,0.0,0.0,1.21e-05,0.000798,0.00632,0.37192
814.0,12.285,8.2e-06,0.000544,3.48e-06,0.000231,0.0,0.0,1.17e-05,0.000774,0.00634,0.26967
816.0,12.255,7.64e-06,0.000509,4.22e-06,0.000281,0.0,0.0,1.19e-05,0.00079,0.00636,0.32779
818.0,12.225,6.78e-06,0.000454,5.36e-06,0.000359,0.0,0.0,1.21e-05,0.000812,0.00639,0.4178
820.0,12.195,6.66e-06,0.000448,5.47e-06,0.000368,0.0,0.0,1.21e-05,0.000815,0.00641,0.42684
822.0,12.165,6.64e-06,0.000449,5.45e-06,0.000369,0.0,0.0,1.21e-05,0.000817,0.00644,0.42694
824.0,12.136,6.89e-06,0.000468,5.06e-06,0.000344,0.0,0.0,1.19e-05,0.000811,0.00646,0.39733
826.0,12.107,7.43e-06,0.000507,4.31e-06,0.000294,0.0,0.0,1.17e-05,0.000801,0.00648,0.33891
828.0,12.077,7.62e-06,0.000522,3.99e-06,0.000274,0.0,0.0,1.16e-05,0.000796,0.00651,0.31482
830.0,12.048,6.69e-06,0.000461,5.19e-06,0.000358,0.0,0.0,1.19e-05,0.000818,0.00653,0.41067
832.0,12.019,6.33e-06,0.000438,5.64e-06,0.000391,0.0,0.0,1.2e-05,0.000829,0.00655,0.44742
834.0,11.99,6.38e-06,0.000444,5.53e-06,0.000385,0.0,0.0,1.19e-05,0.000829,0.00658,0.43969
836.0,11.962,6.57e-06,0.000459,5.27e-06,0.000368,0.0,0.0,1.18e-05,0.000827,0.0066,0.41983
838.0,11.933,6.7e-06,0.00047,5.01e-06,0.000352,0.0,0.0,1.17e-05,0.000822,0.00662,0.40055
840.0,11.905,7.29e-06,0.000515,4.13e-06,0.000291,0.0,0.0,1.14e-05,0.000806,0.00665,0.3304
842.0,11.876,6.76e-06,0.00048,4.81e-06,0.000341,0.0,0.0,1.16e-05,0.00082,0.00667,0.38623
844.0,11.848,6.12e-06,0.000436,5.6e-06,0.000399,0.0,0.0,1.17e-05,0.000835,0.00669,0.45129
846.0,11.82,6.01e-06,0.00043,5.71e-06,0.000408,0.0,0.0,1.17e-05,0.000838,0.00672,0.46063
848.0,11.792,6.29e-06,0.000453,5.27e-06,0.000379,0.0,0.0,1.16e-05,0.000831,0.00674,0.42627
850.0,11.765,7.13e-06,0.000515,4.01e-06,0.000289,0.0,0.0,1.11e-05,0.000804,0.00676,0.32514
852.0,11.737,7.88e-06,0.000572,2.89e-06,0.000209,0.0,0.0,1.08e-05,0.000781,0.00678,0.23486
854.0,11.71,7.59e-06,0.000554,3.39e-06,0.000247,0.0,0.0,1.1e-05,0.000801,0.00681,0.27655
856.0,11.682,6.41e-06,0.00047,4.97e-06,0.000364,0.0,0.0,1.14e-05,0.000834,0.00683,0.40681
858.0,11.655,5.82e-06,0.000428,5.74e-06,0.000423,0.0,0.0,1.16e-05,0.000851,0.00685,0.47108
860.0,11.628,5.82e-06,0.00043,5.71e-06,0.000422,0.0,0.0,1.15e-05,0.000853,0.00688,0.47
862.0,11.601,5.57e-06,0.000414,5.97e-06,0.000444,0.0,0.0,1.15e-05,0.000858,0.0069,0.49273
864.0,11.574,6.03e-06,0.00045,5.32e-06,0.000397,0.0,0.0,1.14e-05,0.000847,0.00692,0.44035
866.0,11.547,6.04e-06,0.000453,5.27e-06,0.000395,0.0,0.0,1.13e-05,0.000848,0.00694,0.43746
868.0,11.521,5.42e-06,0.000408,6.04e-06,0.000455,0.0,0.0,1.15e-05,0.000863,0.00697,0.50238
870.0,11.494,5.77e-06,0.000437,5.49e-06,0.000415,0.0,0.0,1.13e-05,0.000852,0.00699,0.45774
872.0,11.468,5.8e-06,0.000441,5.41e-06,0.000411,0.0,0.0,1.12e-05,0.000852,0.00701,0.45276
874.0,11.442,5.29e-06,0.000404,6.06e-06,0.000463,0.0,0.0,1.14e-05,0.000867,0.00703,0.50884
876.0,11.416,5.27e-06,0.000404,6.05e-06,0.000464,0.0,0.0,1.13e-05,0.000869,0.00706,0.50943
878.0,11.39,5.65e-06,0.000435,5.51e-06,0.000425,0.0,0.0,1.12e-05,0.00086,0.00708,0.46549
880.0,11.364,5.72e-06,0.000443,5.37e-06,0.000416,0.0,0.0,1.11e-05,0.000859,0.0071,0.45466
882.0,11.338,5.64e-06,0.000439,5.44e-06,0.000423,0.0,0.0,1.11e-05,0.000862,0.00712,0.46225
884.0,11.312,5.8e-06,0.000453,5.19e-06,0.000405,0.0,0.0,1.1e-05,0.000858,0.00715,0.44186
886.0,11.287,5.71e-06,0.000448,5.19e-06,0.000408,0.0,0.0,1.09e-05,0.000856,0.00717,0.44364
888.0,11.261,5.92e-06,0.000467,4.91e-06,0.000387,0.0,0.0,1.08e-05,0.000854,0.00719,0.42066
890.0,11.236,5.65e-06,0.000448,5.28e-06,0.000419,0.0,0.0,1.09e-05,0.000866,0.00721,0.45422
892.0,11.211,5.09e-06,0.000405,5.94e-06,0.000472,0.0,0.0,1.1e-05,0.000877,0.00723,0.51185
894.0,11.186,4.78e-06,0.000382,6.27e-06,0.000501,0.0,0.0,1.11e-05,0.000884,0.00725,0.54246
896.0,11.161,4.87e-06,0.000391,6.14e-06,0.000493,0.0,0.0,1.1e-05,0.000883,0.00728,0.53225
898.0,11.136,4.93e-06,0.000397,6.03e-06,0.000486,0.0,0.0,1.1e-05,0.000883,0.0073,0.52438
900.0,11.111,4.7e-06,0.00038,6.26e-06,0.000507,0.0,0.0,1.1e-05,0.000888,0.00732,0.54637
902.0,11.086,4.62e-06,0.000376,6.31e-06,0.000514,0.0,0.0,1.09e-05,0.00089,0.00734,0.55262
904.0,11.062,4.74e-06,0.000387,6.13e-06,0.000501,0.0,0.0,1.09e-05,0.000888,0.00736,0.53777
906.0,11.038,5.07e-06,0.000416,5.69e-06,0.000467,0.0,0.0,1.08e-05,0.000883,0.00739,0.50066
908.0,11.013,5.49e-06,0.000453,5.05e-06,0.000416,0.0,0.0,1.05e-05,0.000869,0.00741,0.44601
910.0,10.989,5.31e-06,0.00044,5.22e-06,0.000433,0.0,0.0,1.05e-05,0.000872,0.00743,0.46301
912.0,10.965,4.68e-06,0.000389,6.03e-06,0.000502,0.0,0.0,1.07e-05,0.000891,0.00745,0.53614
914.0,10.941,4.69e-06,0.000392,5.97e-06,0.000498,0.0,0.0,1.07e-05,0.00089,0.00747,0.53209
916.0,10.917,4.57e-06,0.000384,6.07e-06,0.000509,0.0,0.0,1.06e-05,0.000893,0.00749,0.54285
918.0,10.893,4.65e-06,0.000392,5.93e-06,0.0005,0.0,0.0,1.06e-05,0.000892,0.00751,0.53239
920.0,10.87,4.79e-06,0.000405,5.69e-06,0.000482,0.0,0.0,1.05e-05,0.000887,0.00753,0.51232
922.0,10.846,5.19e-06,0.000441,5.11e-06,0.000435,0.0,0.0,1.03e-05,0.000875,0.00755,0.46167
924.0,10.823,5.03e-06,0.00043,5.27e-06,0.00045,0.0,0.0,1.03e-05,0.00088,0.00758,0.47731
926.0,10.799,4.66e-06,0.000399,5.71e-06,0.00049,0.0,0.0,1.04e-05,0.000889,0.0076,0.51938
928.0,10.776,4.32e-06,0.000372,6.14e-06,0.000529,0.0,0.0,1.05e-05,0.0009,0.00762,0.55971
930.0,10.753,4.27e-06,0.000369,6.16e-06,0.000532,0.0,0.0,1.04e-05,0.000902,0.00764,0.56334
932.0,10.73,4.09e-06,0.000356,6.33e-06,0.00055,0.0,0.0,1.04e-05,0.000906,0.00766,0.58139
934.0,10.707,4.02e-06,0.000351,6.39e-06,0.000558,0.0,0.0,1.04e-05,0.000908,0.00768,0.58884
936.0,10.684,4e-06,0.00035,6.39e-06,0.00056,0.0,0.0,1.04e-05,0.00091,0.0077,0.59018
938.0,10.661,3.96e-06,0.000348,6.4e-06,0.000563,0.0,0.0,1.04e-05,0.000911,0.00772,0.59315
940.0,10.638,4.04e-06,0.000357,6.26e-06,0.000553,0.0,0.0,1.03e-05,0.00091,0.00774,0.58241
942.0,10.616,4.02e-06,0.000356,6.25e-06,0.000555,0.0,0.0,1.03e-05,0.000911,0.00776,0.5834
944.0,10.593,4.03e-06,0.000359,6.2e-06,0.000553,0.0,0.0,1.02e-05,0.000911,0.00778,0.58081
946.0,10.571,4.24e-06,0.000379,5.87e-06,0.000525,0.0,0.0,1.01e-05,0.000904,0.0078,0.55127
948.0,10.549,4.51e-06,0.000405,5.43e-06,0.000488,0.0,0.0,9.94e-06,0.000893,0.00782,0.5122
950.0,10.526,3.96e-06,0.000357,6.12e-06,0.000553,0.0,0.0,1.01e-05,0.00091,0.00784,0.57927
952.0,10.504,3.92e-06,0.000355,6.16e-06,0.000558,0.0,0.0,1.01e-05,0.000913,0.00786,0.58453
954.0,10.482,4.25e-06,0.000387,5.7e-06,0.000519,0.0,0.0,9.95e-06,0.000905,0.00788,0.5426
956.0,10.46,4.05e-06,0.00037,5.91e-06,0.00054,0.0,0.0,9.96e-06,0.00091,0.0079,0.5651
958.0,10.438,3.78e-06,0.000347,6.21e-06,0.00057,0.0,0.0,1e-05,0.000917,0.00792,0.59588
960.0,10.417,3.86e-06,0.000356,6.08e-06,0.00056,0.0,0.0,9.94e-06,0.000916,0.00794,0.58506
962.0,10.395,3.58e-06,0.000331,6.38e-06,0.00059,0.0,0.0,9.96e-06,0.000921,0.00796,0.61611
964.0,10.373,3.45e-06,0.000321,6.49e-06,0.000603,0.0,0.0,9.94e-06,0.000924,0.00798,0.62864
966.0,10.352,3.69e-06,0.000344,6.16e-06,0.000575,0.0,0.0,9.85e-06,0.000919,0.008,0.59919
968.0,10.331,3.55e-06,0.000333,6.28e-06,0.000589,0.0,0.0,9.84e-06,0.000922,0.00802,0.61316
970.0,10.309,3.7e-06,0.000348,6.06e-06,0.00057,0.0,0.0,9.76e-06,0.000918,0.00804,0.5929
972.0,10.288,4.14e-06,0.000392,5.47e-06,0.000517,0.0,0.0,9.62e-06,0.000909,0.00806,0.53764
974.0,10.267,4.01e-06,0.000381,5.58e-06,0.000529,0.0,0.0,9.59e-06,0.00091,0.00808,0.54998
976.0,10.246,3.99e-06,0.00038,5.56e-06,0.000529,0.0,0.0,9.55e-06,0.000909,0.0081,0.54968
978.0,10.225,3.54e-06,0.000339,6.08e-06,0.000582,0.0,0.0,9.62e-06,0.00092,0.00812,0.60393
980.0,10.204,3.17e-06,0.000304,6.5e-06,0.000624,0.0,0.0,9.67e-06,0.000929,0.00814,0.648
982.0,10.183,3.19e-06,0.000307,6.43e-06,0.00062,0.0,0.0,9.62e-06,0.000928,0.00816,0.64328
984.0,10.163,3.2e-06,0.00031,6.37e-06,0.000617,0.0,0.0,9.57e-06,0.000927,0.00818,0.6395
986.0,10.142,3.03e-06,0.000294,6.53e-06,0.000635,0.0,0.0,9.56e-06,0.00093,0.0082,0.65829
988.0,10.121,2.96e-06,0.000289,6.57e-06,0.000641,0.0,0.0,9.53e-06,0.00093,0.00821,0.66403
990.0,10.101,2.98e-06,0.000292,6.5e-06,0.000637,0.0,0.0,9.47e-06,0.000929,0.00823,0.65907
992.0,10.081,2.91e-06,0.000286,6.52e-06,0.000642,0.0,0.0,9.43e-06,0.000928,0.00825,0.66411
994.0,10.06,2.9e-06,0.000286,6.48e-06,0.00064,0.0,0.0,9.38e-06,0.000926,0.00827,0.662
996.0,10.04,2.88e-06,0.000286,6.43e-06,0.000638,0.0,0.0,9.31e-06,0.000924,0.00829,0.65972
998.0,10.02,3.17e-06,0.000316,6e-06,0.000598,0.0,0.0,9.17e-06,0.000913,0.00831,0.61778
1000.0,10.0,3.38e-06,0.000338,5.66e-06,0.000566,0.0,0.0,9.04e-06,0.000904,0.00833,0.58488
1002.0,9.98,3.06e-06,0.000307,5.95e-06,0.000597,0.0,0.0,9.01e-06,0.000905,0.00834,0.61714
1004.0,9.96,3.1e-06,0.000313,5.79e-06,0.000583,0.0,0.0,8.89e-06,0.000896,0.00836,0.60234
1006.0,9.94,2.91e-06,0.000295,5.86e-06,0.000593,0.0,0.0,8.78e-06,0.000888,0.00838,0.61259
1008.0,9.921,2.93e-06,0.000298,5.71e-06,0.00058,0.0,0.0,8.64e-06,0.000878,0.0084,0.59896
1010.0,9.901,3.44e-06,0.000351,4.89e-06,0.000499,0.0,0.0,8.33e-06,0.00085,0.00841,0.51489
1012.0,9.881,3.37e-06,0.000345,4.75e-06,0.000486,0.0,0.0,8.12e-06,0.000832,0.00843,0.50184
1014.0,9.862,3.35e-06,0.000344,4.57e-06,0.00047,0.0,0.0,7.92e-06,0.000814,0.00845,0.48445
1016.0,9.843,3.22e-06,0.000333,4.58e-06,0.000473,0.0,0.0,7.8e-06,0.000805,0.00846,0.48746
1018.0,9.823,3.24e-06,0.000336,4.28e-06,0.000444,0.0,0.0,7.52e-06,0.000779,0.00848,0.45758
1020.0,9.804,2.81e-06,0.000292,4.58e-06,0.000477,0.0,0.0,7.39e-06,0.000769,0.00849,0.49138
1022.0,9.785,2.6e-06,0.000272,4.62e-06,0.000482,0.0,0.0,7.22e-06,0.000754,0.0085,0.49696
1024.0,9.766,2.49e-06,0.000261,4.61e-06,0.000484,0.0,0.0,7.1e-06,0.000745,0.00852,0.49852
1026.0,9.747,2.58e-06,0.000271,4.43e-06,0.000466,0.0,0.0,7.01e-06,0.000738,0.00853,0.48045
1028.0,9.728,3.17e-06,0.000335,3.55e-06,0.000375,0.0,0.0,6.72e-06,0.00071,0.00855,0.38653
1030.0,9.709,3.19e-06,0.000338,3.45e-06,0.000366,0.0,0.0,6.64e-06,0.000704,0.00856,0.37694
1032.0,9.69,2.71e-06,0.000288,4.15e-06,0.000442,0.0,0.0,6.86e-06,0.00073,0.00857,0.4557
1034.0,9.671,2.41e-06,0.000258,4.54e-06,0.000486,0.0,0.0,6.95e-06,0.000743,0.00859,0.50066
1036.0,9.653,2.33e-06,0.00025,4.55e-06,0.000488,0.0,0.0,6.88e-06,0.000739,0.0086,0.50331
1038.0,9.634,2.56e-06,0.000276,4.05e-06,0.000437,0.0,0.0,6.61e-06,0.000712,0.00861,0.44982
1040.0,9.615,2.54e-06,0.000275,3.9e-06,0.000422,0.0,0.0,6.44e-06,0.000697,0.00863,0.43521
1042.0,9.597,2.37e-06,0.000258,4.98e-06,0.000541,0.0,0.0,7.35e-06,0.000798,0.00864,0.55751
1044.0,9.579,2.29e-06,0.00025,5.68e-06,0.000619,0.0,0.0,7.97e-06,0.000869,0.00866,0.63813
1046.0,9.56,2.14e-06,0.000234,5.12e-06,0.00056,0.0,0.0,7.25e-06,0.000794,0.00867,0.57727
1048.0,9.542,2.35e-06,0.000258,4.05e-06,0.000445,0.0,0.0,6.4e-06,0.000703,0.00869,0.45832
1050.0,9.524,2.61e-06,0.000288,3.32e-06,0.000366,0.0,0.0,5.93e-06,0.000654,0.0087,0.37757
1052.0,9.506,2.41e-06,0.000266,3.33e-06,0.000369,0.0,0.0,5.74e-06,0.000635,0.00871,0.38041
1054.0,9.488,2.27e-06,0.000252,3.4e-06,0.000377,0.0,0.0,5.66e-06,0.000629,0.00872,0.38931
1056.0,9.47,2.4e-06,0.000268,3.32e-06,0.00037,0.0,0.0,5.72e-06,0.000638,0.00873,0.38209
1058.0,9.452,2.48e-06,0.000278,3.62e-06,0.000405,0.0,0.0,6.1e-06,0.000683,0.00874,0.41825
1060.0,9.434,2.66e-06,0.000298,3.84e-06,0.000432,0.0,0.0,6.5e-06,0.000731,0.00876,0.44595
1062.0,9.416,2.61e-06,0.000294,4.36e-06,0.000491,0.0,0.0,6.96e-06,0.000785,0.00877,0.50724
1064.0,9.398,2.78e-06,0.000314,4.56e-06,0.000516,0.0,0.0,7.33e-06,0.00083,0.00879,0.53262
1066.0,9.381,3.36e-06,0.000382,4.07e-06,0.000463,0.0,0.0,7.44e-06,0.000845,0.0088,0.47796
1068.0,9.363,2.63e-06,0.0003,5.26e-06,0.0006,0.0,0.0,7.88e-06,0.000899,0.00882,0.61984
1070.0,9.346,1.95e-06,0.000223,6.2e-06,0.000709,0.0,0.0,8.14e-06,0.000932,0.00883,0.73324
1072.0,9.328,2.47e-06,0.000284,5.53e-06,0.000635,0.0,0.0,8e-06,0.00092,0.00885,0.65661
1074.0,9.311,3.18e-06,0.000367,4.57e-06,0.000527,0.0,0.0,7.75e-06,0.000894,0.00886,0.54515
1076.0,9.294,2.49e-06,0.000288,5.44e-06,0.000629,0.0,0.0,7.93e-06,0.000918,0.00888,0.65141
1078.0,9.276,1.9e-06,0.000221,6.15e-06,0.000715,0.0,0.0,8.05e-06,0.000936,0.0089,0.73967
1080.0,9.259,1.87e-06,0.000218,6.14e-06,0.000716,0.0,0.0,8.01e-06,0.000934,0.00891,0.74148
1082.0,9.242,1.87e-06,0.000218,6.11e-06,0.000715,0.0,0.0,7.97e-06,0.000934,0.00893,0.7406
1084.0,9.225,2e-06,0.000235,5.91e-06,0.000695,0.0,0.0,7.91e-06,0.00093,0.00894,0.71978
1086.0,9.208,2.04e-06,0.000241,5.82e-06,0.000686,0.0,0.0,7.86e-06,0.000927,0.00896,0.71119
1088.0,9.191,1.91e-06,0.000226,5.94e-06,0.000704,0.0,0.0,7.85e-06,0.00093,0.00897,0.7298
1090.0,9.174,2.52e-06,0.000299,5.1e-06,0.000606,0.0,0.0,7.62e-06,0.000906,0.00899,0.62888
1092.0,9.158,2.63e-06,0.000314,4.94e-06,0.000589,0.0,0.0,7.57e-06,0.000903,0.00901,0.61192
1094.0,9.141,1.84e-06,0.000221,5.92e-06,0.000709,0.0,0.0,7.77e-06,0.000929,0.00902,0.7361
1096.0,9.124,1.73e-06,0.000207,6.02e-06,0.000724,0.0,0.0,7.75e-06,0.000931,0.00904,0.752
1098.0,9.107,2.19e-06,0.000264,5.41e-06,0.000652,0.0,0.0,7.59e-06,0.000916,0.00905,0.67755
1100.0,9.091,3.34e-06,0.000404,3.82e-06,0.000462,0.0,0.0,7.16e-06,0.000866,0.00907,0.48017
1102.0,9.074,2.88e-06,0.00035,4.4e-06,0.000535,0.0,0.0,7.28e-06,0.000885,0.00908,0.55698
1104.0,9.058,2.11e-06,0.000257,5.43e-06,0.000662,0.0,0.0,7.55e-06,0.00092,0.0091,0.68974
1106.0,9.042,2.98e-06,0.000365,4.21e-06,0.000515,0.0,0.0,7.19e-06,0.00088,0.00911,0.53648
1108.0,9.025,2.78e-06,0.000341,4.42e-06,0.000542,0.0,0.0,7.2e-06,0.000884,0.00912,0.5659
1110.0,9.009,2.48e-06,0.000306,4.82e-06,0.000594,0.0,0.0,7.3e-06,0.000899,0.00914,0.61906
1112.0,8.993,2.95e-06,0.000365,4.07e-06,0.000503,0.0,0.0,7.02e-06,0.000868,0.00915,0.52491
1114.0,8.977,2.08e-06,0.000258,5.22e-06,0.000648,0.0,0.0,7.3e-06,0.000906,0.00917,0.67682
1116.0,8.961,1.86e-06,0.000231,5.53e-06,0.000688,0.0,0.0,7.38e-06,0.00092,0.00918,0.71952
1118.0,8.945,2.17e-06,0.000271,5.11e-06,0.000639,0.0,0.0,7.28e-06,0.00091,0.0092,0.66854
1120.0,8.929,2.93e-06,0.000367,3.95e-06,0.000496,0.0,0.0,6.88e-06,0.000863,0.00921,0.51849
1122.0,8.913,2.96e-06,0.000372,3.88e-06,0.000489,0.0,0.0,6.84e-06,0.000861,0.00922,0.51272
1124.0,8.897,1.91e-06,0.000241,5.33e-06,0.000673,0.0,0.0,7.24e-06,0.000914,0.00924,0.706
1126.0,8.881,1.65e-06,0.000209,5.61e-06,0.000711,0.0,0.0,7.25e-06,0.00092,0.00925,0.74586
1128.0,8.865,1.61e-06,0.000205,5.62e-06,0.000715,0.0,0.0,7.23e-06,0.00092,0.00927,0.75097
1130.0,8.85,1.7e-06,0.000217,5.49e-06,0.000701,0.0,0.0,7.19e-06,0.000918,0.00928,0.73687
1132.0,8.834,1.91e-06,0.000245,5.2e-06,0.000667,0.0,0.0,7.12e-06,0.000912,0.0093,0.70124
1134.0,8.818,3.19e-06,0.000411,3.41e-06,0.000438,0.0,0.0,6.6e-06,0.000849,0.00931,0.4605
1136.0,8.803,4.38e-06,0.000566,1.39e-06,0.00018,0.0,0.0,5.78e-06,0.000745,0.00932,0.18911
1138.0,8.787,3.38e-06,0.000438,2.99e-06,0.000387,0.0,0.0,6.37e-06,0.000825,0.00933,0.40901
1140.0,8.772,2.07e-06,0.00027,4.9e-06,0.000636,0.0,0.0,6.97e-06,0.000906,0.00935,0.67161
1142.0,8.757,1.89e-06,0.000247,5.08e-06,0.000662,0.0,0.0,6.97e-06,0.000909,0.00936,0.69975
1144.0,8.741,1.67e-06,0.000219,5.31e-06,0.000695,0.0,0.0,6.98e-06,0.000913,0.00938,0.73468
1146.0,8.726,1.65e-06,0.000217,5.3e-06,0.000696,0.0,0.0,6.95e-06,0.000913,0.00939,0.73675
1148.0,8.711,2.51e-06,0.00033,4.07e-06,0.000536,0.0,0.0,6.57e-06,0.000867,0.0094,0.56764
1150.0,8.696,3.28e-06,0.000433,3.02e-06,0.000399,0.0,0.0,6.29e-06,0.000832,0.00942,0.42279
1152.0,8.681,3.31e-06,0.000439,2.91e-06,0.000387,0.0,0.0,6.23e-06,0.000826,0.00943,0.41046
1154.0,8.666,2.36e-06,0.000314,4.22e-06,0.000562,0.0,0.0,6.58e-06,0.000876,0.00944,0.59704
1156.0,8.651,1.6e-06,0.000214,5.19e-06,0.000694,0.0,0.0,6.79e-06,0.000907,0.00945,0.73782
1158.0,8.636,1.51e-06,0.000203,5.26e-06,0.000706,0.0,0.0,6.78e-06,0.000909,0.00947,0.75115
1160.0,8.621,1.56e-06,0.00021,5.17e-06,0.000695,0.0,0.0,6.73e-06,0.000905,0.00948,0.74082
1162.0,8.606,1.74e-06,0.000235,4.92e-06,0.000665,0.0,0.0,6.66e-06,0.000899,0.00949,0.70861
1164.0,8.591,2.83e-06,0.000384,3.29e-06,0.000446,0.0,0.0,6.13e-06,0.00083,0.00951,0.47537
1166.0,8.576,3.28e-06,0.000446,2.64e-06,0.000358,0.0,0.0,5.92e-06,0.000804,0.00952,0.38317
1168.0,8.562,2.12e-06,0.000289,4.33e-06,0.000591,0.0,0.0,6.45e-06,0.000881,0.00953,0.63278
1170.0,8.547,2e-06,0.000274,4.49e-06,0.000614,0.0,0.0,6.49e-06,0.000888,0.00954,0.65754
1172.0,8.532,2.83e-06,0.000389,3.34e-06,0.000458,0.0,0.0,6.16e-06,0.000847,0.00956,0.4907
1174.0,8.518,3.96e-06,0.000545,1.24e-06,0.000171,0.0,0.0,5.2e-06,0.000716,0.00957,0.18301
1176.0,8.503,3.48e-06,0.000481,2.03e-06,0.00028,0.0,0.0,5.51e-06,0.000762,0.00958,0.30194
1178.0,8.489,2.42e-06,0.000335,3.86e-06,0.000535,0.0,0.0,6.27e-06,0.000871,0.00959,0.57611
1180.0,8.475,2.15e-06,0.0003,4.13e-06,0.000574,0.0,0.0,6.28e-06,0.000874,0.0096,0.6186
1182.0,8.46,2.02e-06,0.000282,4.27e-06,0.000596,0.0,0.0,6.28e-06,0.000878,0.00962,0.64259
1184.0,8.446,2.39e-06,0.000335,3.81e-06,0.000534,0.0,0.0,6.19e-06,0.000868,0.00963,0.57576
1186.0,8.432,3.47e-06,0.000488,1.96e-06,0.000276,0.0,0.0,5.43e-06,0.000764,0.00964,0.29771
1188.0,8.418,3.72e-06,0.000525,1.52e-06,0.000214,0.0,0.0,5.24e-06,0.000739,0.00965,0.23241
1190.0,8.403,2.75e-06,0.00039,3.18e-06,0.00045,0.0,0.0,5.93e-06,0.00084,0.00966,0.48805
1192.0,8.389,2.19e-06,0.000311,3.87e-06,0.00055,0.0,0.0,6.07e-06,0.000862,0.00967,0.59714
1194.0,8.375,2.12e-06,0.000302,3.95e-06,0.000564,0.0,0.0,6.07e-06,0.000866,0.00969,0.61208
1196.0,8.361,2.57e-06,0.000367,3.23e-06,0.000462,0.0,0.0,5.8e-06,0.000829,0.0097,0.50185
1198.0,8.347,3.42e-06,0.000491,1.76e-06,0.000253,0.0,0.0,5.19e-06,0.000745,0.00971,0.27557
1200.0,8.333,2.85e-06,0.00041,2.76e-06,0.000397,0.0,0.0,5.61e-06,0.000808,0.00972,0.4336
1202.0,8.319,1.84e-06,0.000265,4.18e-06,0.000604,0.0,0.0,6.01e-06,0.000869,0.00973,0.65898
1204.0,8.306,1.82e-06,0.000264,4.15e-06,0.000602,0.0,0.0,5.97e-06,0.000866,0.00974,0.65785
1206.0,8.292,2.32e-06,0.000337,3.49e-06,0.000507,0.0,0.0,5.81e-06,0.000844,0.00975,0.55518
1208.0,8.278,2.47e-06,0.000361,3.29e-06,0.000481,0.0,0.0,5.76e-06,0.000841,0.00977,0.52663
1210.0,8.264,3.14e-06,0.00046,1.94e-06,0.000284,0.0,0.0,5.08e-06,0.000744,0.00978,0.31107
1212.0,8.251,3.7e-06,0.000544,6.2e-07,9.11e-05,0.0,0.0,4.32e-06,0.000635,0.00979,0.10009
1214.0,8.237,3.48e-06,0.000512,1.54e-06,0.000227,0.0,0.0,5.02e-06,0.000739,0.0098,0.2503
1216.0,8.224,2.94e-06,0.000435,2.5e-06,0.00037,0.0,0.0,5.44e-06,0.000804,0.00981,0.40726
1218.0,8.21,3.36e-06,0.000499,1.59e-06,0.000235,0.0,0.0,4.95e-06,0.000734,0.00982,0.25917
1220.0,8.197,3.49e-06,0.000519,1.26e-06,0.000188,0.0,0.0,4.75e-06,0.000707,0.00983,0.20819
1222.0,8.183,3.29e-06,0.000491,1.76e-06,0.000263,0.0,0.0,5.05e-06,0.000754,0.00984,0.29145
1224.0,8.17,3.54e-06,0.000531,9.33e-07,0.00014,0.0,0.0,4.48e-06,0.000671,0.00984,0.15462
1226.0,8.157,3.45e-06,0.000519,8.58e-07,0.000129,0.0,0.0,4.31e-06,0.000648,0.00985,0.14361
1228.0,8.143,2.82e-06,0.000425,2.22e-06,0.000335,0.0,0.0,5.04e-06,0.000761,0.00986,0.37298
1230.0,8.13,2.15e-06,0.000325,3.08e-06,0.000466,0.0,0.0,5.23e-06,0.000791,0.00987,0.51914
1232.0,8.117,1.84e-06,0.000279,3.64e-06,0.000553,0.0,0.0,5.48e-06,0.000831,0.00988,0.61648
1234.0,8.104,1.92e-06,0.000292,3.47e-06,0.000529,0.0,0.0,5.39e-06,0.000821,0.0099,0.59059
1236.0,8.091,2.41e-06,0.000368,2.45e-06,0.000374,0.0,0.0,4.86e-06,0.000742,0.00991,0.41795
1238.0,8.078,2.96e-06,0.000454,1.63e-06,0.00025,0.0,0.0,4.59e-06,0.000704,0.00991,0.27946
1240.0,8.065,3.18e-06,0.000488,1.46e-06,0.000224,0.0,0.0,4.63e-06,0.000712,0.00992,0.25135
1242.0,8.052,3.16e-06,0.000488,1.1e-06,0.00017,0.0,0.0,4.26e-06,0.000657,0.00993,0.19022
1244.0,8.039,3.21e-06,0.000497,3.72e-07,5.75e-05,0.0,0.0,3.59e-06,0.000555,0.00994,0.06469
1246.0,8.026,2.97e-06,0.000461,9.98e-07,0.000155,0.0,0.0,3.97e-06,0.000616,0.00995,0.1749
1248.0,8.013,2.77e-06,0.000431,1.5e-06,0.000234,0.0,0.0,4.27e-06,0.000665,0.00996,0.26391
1250.0,8.0,2.81e-06,0.00044,1.61e-06,0.000252,0.0,0.0,4.43e-06,0.000692,0.00996,0.28519
1252.0,7.987,3.06e-06,0.00048,1.19e-06,0.000186,0.0,0.0,4.25e-06,0.000666,0.00997,0.21039
1254.0,7.974,2.97e-06,0.000468,1.01e-06,0.000159,0.0,0.0,3.99e-06,0.000627,0.00998,0.18073
1256.0,7.962,3.18e-06,0.000502,1.08e-06,0.00017,0.0,0.0,4.26e-06,0.000671,0.00999,0.1929
1258.0,7.949,3.35e-06,0.000531,4.56e-07,7.22e-05,0.0,0.0,3.81e-06,0.000603,0.01,0.08198
1260.0,7.937,2.72e-06,0.000432,6.95e-08,1.1e-05,0.0,0.0,2.79e-06,0.000443,0.01,0.01256
1262.0,7.924,2.88e-06,0.000458,2.02e-07,3.22e-05,0.0,0.0,3.08e-06,0.00049,0.01,0.03687
1264.0,7.911,3.14e-06,0.000502,2.17e-07,3.46e-05,0.0,0.0,3.36e-06,0.000537,0.01,0.03954
1266.0,7.899,2.89e-06,0.000463,3.34e-08,5.35e-06,0.0,0.0,2.93e-06,0.000469,0.01,0.00611
1268.0,7.886,2.49e-06,0.0004,1.19e-09,1.91e-07,0.0,0.0,2.49e-06,0.0004,0.01,0.00022
1270.0,7.874,2.3e-06,0.000371,4.02e-10,6.48e-08,0.0,0.0,2.3e-06,0.000371,0.01,7e-05
1272.0,7.862,2.54e-06,0.000412,3.68e-08,5.96e-06,0.0,0.0,2.58e-06,0.000417,0.01,0.0069
1274.0,7.849,3.05e-06,0.000495,3.99e-07,6.48e-05,0.0,0.0,3.45e-06,0.00056,0.01,0.07499
1276.0,7.837,2.79e-06,0.000455,9.48e-07,0.000154,0.0,0.0,3.74e-06,0.000609,0.0101,0.17853
1278.0,7.825,2.89e-06,0.000473,1.11e-06,0.000181,0.0,0.0,4e-06,0.000654,0.0101,0.20982
1280.0,7.813,3.09e-06,0.000507,5.06e-07,8.28e-05,0.0,0.0,3.6e-06,0.000589,0.0101,0.09588
1282.0,7.8,2.77e-06,0.000456,2.13e-07,3.5e-05,0.0,0.0,2.99e-06,0.000491,0.0101,0.04072
1284.0,7.788,2.93e-06,0.000483,1.7e-07,2.8e-05,0.0,0.0,3.1e-06,0.000511,0.0101,0.03255
1286.0,7.776,2.94e-06,0.000487,6.55e-08,1.08e-05,0.0,0.0,3.01e-06,0.000498,0.0101,0.01261
1288.0,7.764,2.32e-06,0.000384,8.15e-09,1.35e-06,0.0,0.0,2.32e-06,0.000385,0.0101,0.00158
1290.0,7.752,2.83e-06,0.000471,3.94e-08,6.56e-06,0.0,0.0,2.87e-06,0.000477,0.0101,0.00771
1292.0,7.74,3.07e-06,0.000513,1.61e-07,2.68e-05,0.0,0.0,3.24e-06,0.00054,0.0101,0.03152
1294.0,7.728,2.74e-06,0.000458,2.16e-07,3.61e-05,0.0,0.0,2.95e-06,0.000494,0.0101,0.04242
1296.0,7.716,2.43e-06,0.000408,9.73e-08,1.63e-05,0.0,0.0,2.52e-06,0.000424,0.0101,0.01921
1298.0,7.704,2.42e-06,0.000407,2.68e-07,4.51e-05,0.0,0.0,2.68e-06,0.000452,0.0101,0.05337
1300.0,7.692,2.36e-06,0.0004,4.05e-07,6.84e-05,0.0,0.0,2.77e-06,0.000468,0.0101,0.08085
1302.0,7.68,1.89e-06,0.000321,2.1e-07,3.56e-05,0.0,0.0,2.1e-06,0.000357,0.0101,0.04207
1304.0,7.669,1.28e-06,0.000218,5.73e-08,9.74e-06,0.0,0.0,1.34e-06,0.000228,0.0101,0.01153
1306.0,7.657,1.42e-06,0.000242,7.12e-09,1.21e-06,0.0,0.0,1.42e-06,0.000243,0.0101,0.00144
1308.0,7.645,2.36e-06,0.000404,3.79e-09,6.48e-07,0.0,0.0,2.37e-06,0.000405,0.0101,0.00077
1310.0,7.634,2.72e-06,0.000466,5.77e-09,9.91e-07,0.0,0.0,2.72e-06,0.000467,0.0101,0.00118
1312.0,7.622,2.18e-06,0.000376,2.17e-09,3.73e-07,0.0,0.0,2.18e-06,0.000376,0.0101,0.00044
1314.0,7.61,1.91e-06,0.000329,4.06e-15,7.02e-13,0.0,0.0,1.91e-06,0.000329,0.0102,0.0
1316.0,7.599,1.92e-06,0.000332,8.86e-15,1.53e-12,0.0,0.0,1.92e-06,0.000332,0.0102,0.0
1318.0,7.587,1.7e-06,0.000295,1.52e-13,2.65e-11,0.0,0.0,1.7e-06,0.000295,0.0102,0.0
1320.0,7.576,1.77e-06,0.000308,4.89e-11,8.52e-09,0.0,0.0,1.77e-06,0.000308,0.0102,1e-05
1322.0,7.564,2.14e-06,0.000373,3.72e-10,6.51e-08,0.0,0.0,2.14e-06,0.000374,0.0102,8e-05
1324.0,7.553,2.68e-06,0.000469,1.22e-08,2.15e-06,0.0,0.0,2.69e-06,0.000471,0.0102,0.00261
1326.0,7.541,2.56e-06,0.000451,1.7e-08,3e-06,0.0,0.0,2.58e-06,0.000454,0.0102,0.00363
1328.0,7.53,2.33e-06,0.000412,4.58e-09,8.08e-07,0.0,0.0,2.34e-06,0.000412,0.0102,0.00098
1330.0,7.519,2.54e-06,0.00045,1.08e-08,1.9e-06,0.0,0.0,2.55e-06,0.000452,0.0102,0.00233
1332.0,7.508,2.19e-06,0.000389,1.1e-08,1.96e-06,0.0,0.0,2.2e-06,0.000391,0.0102,0.00239
1334.0,7.496,2.2e-06,0.000391,7.08e-10,1.26e-07,0.0,0.0,2.2e-06,0.000392,0.0102,0.00015
1336.0,7.485,1.89e-06,0.000337,1.12e-10,1.99e-08,0.0,0.0,1.89e-06,0.000337,0.0102,2e-05
1338.0,7.474,1.2e-06,0.000216,4.96e-20,8.87e-18,0.0,0.0,1.2e-06,0.000216,0.0102,0.0
1340.0,7.463,1.19e-06,0.000214,1.49e-17,2.67e-15,0.0,0.0,1.19e-06,0.000214,0.0102,0.0
1342.0,7.452,1.49e-06,0.000269,1.68e-11,3.03e-09,0.0,0.0,1.49e-06,0.000269,0.0102,0.0
1344.0,7.44,2.12e-06,0.000384,5.03e-10,9.08e-08,0.0,0.0,2.12e-06,0.000384,0.0102,0.00011
1346.0,7.429,2.15e-06,0.00039,7.32e-10,1.33e-07,0.0,0.0,2.15e-06,0.00039,0.0102,0.00016
1348.0,7.418,1.73e-06,0.000315,1.61e-10,2.93e-08,0.0,0.0,1.73e-06,0.000315,0.0102,4e-05
1350.0,7.407,1.81e-06,0.00033,8.15e-11,1.49e-08,0.0,0.0,1.81e-06,0.00033,0.0102,2e-05
1352.0,7.396,1.97e-06,0.000359,1.34e-10,2.46e-08,0.0,0.0,1.97e-06,0.000359,0.0102,3e-05
1354.0,7.386,1.76e-06,0.000323,3.86e-11,7.07e-09,0.0,0.0,1.76e-06,0.000323,0.0102,1e-05
1356.0,7.375,1.72e-06,0.000317,2.31e-12,4.26e-10,0.0,0.0,1.72e-06,0.000317,0.0102,0.0
1358.0,7.364,1.86e-06,0.000344,2.02e-12,3.73e-10,0.0,0.0,1.86e-06,0.000344,0.0102,0.0
1360.0,7.353,1.6e-06,0.000295,3.6e-14,6.66e-12,0.0,0.0,1.6e-06,0.000295,0.0102,0.0
1362.0,7.342,1.18e-06,0.000218,2.73e-21,5.07e-19,0.0,0.0,1.18e-06,0.000218,0.0102,0.0
1364.0,7.331,1.36e-06,0.000252,2.74e-16,5.1e-14,0.0,0.0,1.36e-06,0.000252,0.0102,0.0
1366.0,7.321,1.83e-06,0.000341,1.61e-15,3.01e-13,0.0,0.0,1.83e-06,0.000341,0.0102,0.0
1368.0,7.31,1.6e-06,0.000299,1.28e-15,2.39e-13,0.0,0.0,1.6e-06,0.000299,0.0103,0.0
1370.0,7.299,1.53e-06,0.000288,2.15e-16,4.04e-14,0.0,0.0,1.53e-06,0.000288,0.0103,0.0
1372.0,7.289,1.43e-06,0.00027,7.96e-20,1.5e-17,0.0,0.0,1.43e-06,0.00027,0.0103,0.0
1374.0,7.278,1.03e-06,0.000195,8.65e-28,1.63e-25,0.0,0.0,1.03e-06,0.000195,0.0103,0.0
1376.0,7.267,1.23e-06,0.000232,3.33e-22,6.31e-20,0.0,0.0,1.23e-06,0.000232,0.0103,0.0
1378.0,7.257,1.49e-06,0.000283,8.81e-19,1.67e-16,0.0,0.0,1.49e-06,0.000283,0.0103,0.0
1380.0,7.246,1.64e-06,0.000312,3.08e-15,5.86e-13,0.0,0.0,1.64e-06,0.000312,0.0103,0.0
1382.0,7.236,1.83e-06,0.000349,4.71e-15,9e-13,0.0,0.0,1.83e-06,0.000349,0.0103,0.0
1384.0,7.225,1.74e-06,0.000333,9.69e-16,1.86e-13,0.0,0.0,1.74e-06,0.000333,0.0103,0.0
1386.0,7.215,1.26e-06,0.000243,5.74e-18,1.1e-15,0.0,0.0,1.26e-06,0.000243,0.0103,0.0
1388.0,7.205,1.06e-06,0.000204,5.91e-23,1.14e-20,0.0,0.0,1.06e-06,0.000204,0.0103,0.0
1390.0,7.194,1.36e-06,0.000263,1.97e-23,3.81e-21,0.0,0.0,1.36e-06,0.000263,0.0103,0.0
1392.0,7.184,1.32e-06,0.000256,2.99e-27,5.79e-25,0.0,0.0,1.32e-06,0.000256,0.0103,0.0
1394.0,7.174,9.4e-07,0.000183,6.7e-28,1.3e-25,0.0,0.0,9.4e-07,0.000183,0.0103,0.0
1396.0,7.163,9.25e-07,0.00018,2.23e-28,4.35e-26,0.0,0.0,9.25e-07,0.00018,0.0103,0.0
1398.0,7.153,9.35e-07,0.000183,1.44e-23,2.81e-21,0.0,0.0,9.35e-07,0.000183,0.0103,0.0
1400.0,7.143,1.03e-06,0.000202,1.44e-23,2.81e-21,0.0,0.0,1.03e-06,0.000202,0.0103,0.0
1402.0,7.133,1.34e-06,0.000264,2.53e-27,4.97e-25,0.0,0.0,1.34e-06,0.000264,0.0103,0.0
1404.0,7.123,1.14e-06,0.000225,2.24e-18,4.41e-16,0.0,0.0,1.14e-06,0.000225,0.0103,0.0
1406.0,7.112,1.28e-06,0.000253,2.29e-18,4.52e-16,0.0,0.0,1.28e-06,0.000253,0.0103,0.0
1408.0,7.102,1.56e-06,0.000309,1.56e-19,3.09e-17,0.0,0.0,1.56e-06,0.000309,0.0103,0.0
1410.0,7.092,1.39e-06,0.000276,5.32e-20,1.06e-17,0.0,0.0,1.39e-06,0.000276,0.0103,0.0
1412.0,7.082,1.32e-06,0.000263,9.67e-22,1.93e-19,0.0,0.0,1.32e-06,0.000263,0.0103,0.0
1414.0,7.072,1.36e-06,0.000273,4.83e-22,9.65e-20,0.0,0.0,1.36e-06,0.000273,0.0103,0.0
1416.0,7.062,1.06e-06,0.000213,9.66e-25,1.94e-22,0.0,0.0,1.06e-06,0.000213,0.0103,0.0
1418.0,7.052,7.4e-07,0.000149,3.46e-41,6.97e-39,0.0,0.0,7.4e-07,0.000149,0.0103,0.0
1420.0,7.042,7.15e-07,0.000144,0.0,0.0,0.0,0.0,7.15e-07,0.000144,0.0103,0.0
1422.0,7.032,9.31e-07,0.000188,2.44e-31,4.93e-29,0.0,0.0,9.31e-07,0.000188,0.0103,0.0
1424.0,7.022,9.18e-07,0.000186,7.32e-31,1.49e-28,0.0,0.0,9.18e-07,0.000186,0.0103,0.0
1426.0,7.013,1.14e-06,0.000232,3.02e-31,6.14e-29,0.0,0.0,1.14e-06,0.000232,0.0103,0.0
1428.0,7.003,1.05e-06,0.000214,3.08e-26,6.28e-24,0.0,0.0,1.05e-06,0.000214,0.0103,0.0
1430.0,6.993,8.63e-07,0.000177,9.24e-26,1.89e-23,0.0,0.0,8.63e-07,0.000177,0.0103,0.0
1432.0,6.983,9.72e-07,0.000199,3.08e-26,6.32e-24,0.0,0.0,9.72e-07,0.000199,0.0103,0.0
1434.0,6.974,9.1e-07,0.000187,3.64e-40,7.48e-38,0.0,0.0,9.1e-07,0.000187,0.0103,0.0
1436.0,6.964,6.61e-07,0.000136,0.0,0.0,0.0,0.0,6.61e-07,0.000136,0.0103,0.0
1438.0,6.954,7.94e-07,0.000164,2.13e-37,4.41e-35,0.0,0.0,7.94e-07,0.000164,0.0103,0.0
1440.0,6.944,1.15e-06,0.000238,1.57e-28,3.26e-26,0.0,0.0,1.15e-06,0.000238,0.0103,0.0
1442.0,6.935,1.27e-06,0.000263,5.93e-27,1.23e-24,0.0,0.0,1.27e-06,0.000263,0.0103,0.0
1444.0,6.925,1.22e-06,0.000255,7.3e-27,1.52e-24,0.0,0.0,1.22e-06,0.000255,0.0103,0.0
1446.0,6.916,9.42e-07,0.000197,9.14e-28,1.91e-25,0.0,0.0,9.42e-07,0.000197,0.0103,0.0
1448.0,6.906,7.96e-07,0.000167,2.28e-28,4.78e-26,0.0,0.0,7.96e-07,0.000167,0.0103,0.0
1450.0,6.897,9.5e-07,0.0002,7.61e-29,1.6e-26,0.0,0.0,9.5e-07,0.0002,0.0103,0.0
1452.0,6.887,8.89e-07,0.000187,2.8e-43,5.91e-41,0.0,0.0,8.89e-07,0.000187,0.0103,0.0
1454.0,6.878,7.43e-07,0.000157,0.0,0.0,0.0,0.0,7.43e-07,0.000157,0.0103,0.0
1456.0,6.868,4.9e-07,0.000104,0.0,0.0,0.0,0.0,4.9e-07,0.000104,0.0104,0.0
1458.0,6.859,4.37e-07,9.29e-05,0.0,0.0,0.0,0.0,4.37e-07,9.29e-05,0.0104,0.0
1460.0,6.849,6.89e-07,0.000147,0.0,0.0,0.0,0.0,6.89e-07,0.000147,0.0104,0.0
1462.0,6.84,8.36e-07,0.000179,0.0,0.0,0.0,0.0,8.36e-07,0.000179,0.0104,0.0
1464.0,6.831,6.4e-07,0.000137,1.21e-36,2.58e-34,0.0,0.0,6.4e-07,0.000137,0.0104,0.0
1466.0,6.821,6.77e-07,0.000145,1.21e-36,2.59e-34,0.0,0.0,6.77e-07,0.000145,0.0104,0.0
1468.0,6.812,8.62e-07,0.000186,0.0,0.0,0.0,0.0,8.62e-07,0.000186,0.0104,0.0
1470.0,6.803,7.55e-07,0.000163,0.0,0.0,0.0,0.0,7.55e-07,0.000163,0.0104,0.0
1472.0,6.793,4.99e-07,0.000108,0.0,0.0,0.0,0.0,4.99e-07,0.000108,0.0104,0.0
1474.0,6.784,4.76e-07,0.000103,0.0,0.0,0.0,0.0,4.76e-07,0.000103,0.0104,0.0
1476.0,6.775,5.8e-07,0.000126,0.0,0.0,0.0,0.0,5.8e-07,0.000126,0.0104,0.0
1478.0,6.766,8.09e-07,0.000177,0.0,0.0,0.0,0.0,8.09e-07,0.000177,0.0104,0.0
1480.0,6.757,8.43e-07,0.000185,1.57e-43,3.44e-41,0.0,0.0,8.43e-07,0.000185,0.0104,0.0
1482.0,6.748,8.05e-07,0.000177,1.57e-43,3.45e-41,0.0,0.0,8.05e-07,0.000177,0.0104,0.0
1484.0,6.739,8.56e-07,0.000189,0.0,0.0,0.0,0.0,8.56e-07,0.000189,0.0104,0.0
1486.0,6.729,6.55e-07,0.000145,0.0,0.0,0.0,0.0,6.55e-07,0.000145,0.0104,0.0
1488.0,6.72,4.98e-07,0.00011,0.0,0.0,0.0,0.0,4.98e-07,0.00011,0.0104,0.0
1490.0,6.711,4.73e-07,0.000105,0.0,0.0,0.0,0.0,4.73e-07,0.000105,0.0104,0.0
1492.0,6.702,6.24e-07,0.000139,0.0,0.0,0.0,0.0,6.24e-07,0.000139,0.0104,0.0
1494.0,6.693,6.71e-07,0.00015,0.0,0.0,0.0,0.0,6.71e-07,0.00015,0.0104,0.0
1496.0,6.684,4.82e-07,0.000108,0.0,0.0,0.0,0.0,4.82e-07,0.000108,0.0104,0.0
1498.0,6.676,4.33e-07,9.72e-05,0.0,0.0,0.0,0.0,4.33e-07,9.72e-05,0.0104,0.0
1500.0,6.667,5.18e-07,0.000117,0.0,0.0,0.0,0.0,5.18e-07,0.000117,0.0104,0.0
1502.0,6.658,5.97e-07,0.000135,0.0,0.0,0.0,0.0,5.97e-07,0.000135,0.0104,0.0
1504.0,6.649,5.09e-07,0.000115,0.0,0.0,0.0,0.0,5.09e-07,0.000115,0.0104,0.0
1506.0,6.64,3.15e-07,7.14e-05,0.0,0.0,0.0,0.0,3.15e-07,7.14e-05,0.0104,0.0
1508.0,6.631,3.18e-07,7.23e-05,0.0,0.0,0.0,0.0,3.18e-07,7.23e-05,0.0104,0.0
1510.0,6.623,4.14e-07,9.43e-05,0.0,0.0,0.0,0.0,4.14e-07,9.43e-05,0.0104,0.0
1512.0,6.614,4.84e-07,0.000111,0.0,0.0,0.0,0.0,4.84e-07,0.000111,0.0104,0.0
1514.0,6.605,5.17e-07,0.000119,0.0,0.0,0.0,0.0,5.17e-07,0.000119,0.0104,0.0
1516.0,6.596,4.11e-07,9.44e-05,0.0,0.0,0.0,0.0,4.11e-07,9.44e-05,0.0104,0.0
1518.0,6.588,3.93e-07,9.05e-05,0.0,0.0,0.0,0.0,3.93e-07,9.05e-05,0.0104,0.0
1520.0,6.579,3.56e-07,8.22e-05,0.0,0.0,0.0,0.0,3.56e-07,8.22e-05,0.0104,0.0
1522.0,6.57,3.14e-07,7.28e-05,0.0,0.0,0.0,0.0,3.14e-07,7.28e-05,0.0104,0.0
1524.0,6.562,3.7e-07,8.6e-05,0.0,0.0,0.0,0.0,3.7e-07,8.6e-05,0.0104,0.0
1526.0,6.553,4.14e-07,9.65e-05,0.0,0.0,0.0,0.0,4.14e-07,9.65e-05,0.0104,0.0
1528.0,6.545,4.62e-07,0.000108,0.0,0.0,0.0,0.0,4.62e-07,0.000108,0.0104,0.0
1530.0,6.536,5.2e-07,0.000122,0.0,0.0,0.0,0.0,5.2e-07,0.000122,0.0104,0.0
1532.0,6.527,4.32e-07,0.000101,0.0,0.0,0.0,0.0,4.32e-07,0.000101,0.0104,0.0
1534.0,6.519,3.62e-07,8.52e-05,0.0,0.0,0.0,0.0,3.62e-07,8.52e-05,0.0104,0.0
1536.0,6.51,4.47e-07,0.000105,0.0,0.0,0.0,0.0,4.47e-07,0.000105,0.0104,0.0
1538.0,6.502,3.3e-07,7.81e-05,0.0,0.0,0.0,0.0,3.3e-07,7.81e-05,0.0104,0.0
1540.0,6.494,2.27e-07,5.39e-05,0.0,0.0,0.0,0.0,2.27e-07,5.39e-05,0.0104,0.0
1542.0,6.485,2.65e-07,6.3e-05,0.0,0.0,0.0,0.0,2.65e-07,6.3e-05,0.0104,0.0
1544.0,6.477,3.37e-07,8.03e-05,0.0,0.0,0.0,0.0,3.37e-07,8.03e-05,0.0104,0.0
1546.0,6.468,4.31e-07,0.000103,0.0,0.0,0.0,0.0,4.31e-07,0.000103,0.0104,0.0
1548.0,6.46,5.07e-07,0.000122,0.0,0.0,0.0,0.0,5.07e-07,0.000122,0.0104,0.0
1550.0,6.452,4.51e-07,0.000108,0.0,0.0,0.0,0.0,4.51e-07,0.000108,0.0104,0.0
1552.0,6.443,4.41e-07,0.000106,0.0,0.0,0.0,0.0,4.41e-07,0.000106,0.0104,0.0
1554.0,6.435,3.65e-07,8.8e-05,0.0,0.0,0.0,0.0,3.65e-07,8.8e-05,0.0104,0.0
1556.0,6.427,3.15e-07,7.64e-05,0.0,0.0,0.0,0.0,3.15e-07,7.64e-05,0.0104,0.0
1558.0,6.418,2.2e-07,5.35e-05,0.0,0.0,0.0,0.0,2.2e-07,5.35e-05,0.0104,0.0
1560.0,6.41,2.27e-07,5.52e-05,0.0,0.0,0.0,0.0,2.27e-07,5.52e-05,0.0104,0.0
1562.0,6.402,3.78e-07,9.22e-05,0.0,0.0,0.0,0.0,3.78e-07,9.22e-05,0.0104,0.0
1564.0,6.394,4.06e-07,9.94e-05,0.0,0.0,0.0,0.0,4.06e-07,9.94e-05,0.0104,0.0
1566.0,6.386,4.33e-07,0.000106,0.0,0.0,0.0,0.0,4.33e-07,0.000106,0.0104,0.0
1568.0,6.378,3.94e-07,9.69e-05,0.0,0.0,0.0,0.0,3.94e-07,9.69e-05,0.0104,0.0
1570.0,6.369,3.29e-07,8.11e-05,0.0,0.0,0.0,0.0,3.29e-07,8.11e-05,0.0104,0.0
1572.0,6.361,4.47e-07,0.00011,0.0,0.0,0.0,0.0,4.47e-07,0.00011,0.0104,0.0
1574.0,6.353,4.11e-07,0.000102,2.1e-44,5.21e-42,0.0,0.0,4.11e-07,0.000102,0.0104,0.0
1576.0,6.345,2.76e-07,6.86e-05,6.17e-44,1.53e-41,0.0,0.0,2.76e-07,6.86e-05,0.0104,0.0
1578.0,6.337,3.66e-07,9.11e-05,2.1e-44,5.23e-42,0.0,0.0,3.66e-07,9.11e-05,0.0104,0.0
1580.0,6.329,5.42e-07,0.000135,0.0,0.0,0.0,0.0,5.42e-07,0.000135,0.0104,0.0
1582.0,6.321,6.14e-07,0.000154,1.07e-39,2.68e-37,0.0,0.0,6.14e-07,0.000154,0.0104,0.0
1584.0,6.313,6.68e-07,0.000168,6.54e-35,1.64e-32,0.0,0.0,6.68e-07,0.000168,0.0104,0.0
1586.0,6.305,6.99e-07,0.000176,2.77e-33,6.97e-31,0.0,0.0,6.99e-07,0.000176,0.0104,0.0
1588.0,6.297,6.74e-07,0.00017,6.76e-33,1.7e-30,0.0,0.0,6.74e-07,0.00017,0.0104,0.0
1590.0,6.289,5.92e-07,0.00015,2.06e-33,5.21e-31,0.0,0.0,5.92e-07,0.00015,0.0104,0.0
1592.0,6.281,5.61e-07,0.000142,3.25e-33,8.24e-31,0.0,0.0,5.61e-07,0.000142,0.0104,0.0
1594.0,6.274,5.12e-07,0.00013,9.74e-33,2.47e-30,0.0,0.0,5.12e-07,0.00013,0.0104,0.0
1596.0,6.266,5.36e-07,0.000137,2.94e-31,7.49e-29,0.0,0.0,5.36e-07,0.000137,0.0104,0.0
1598.0,6.258,6.6e-07,0.000168,3.05e-30,7.8e-28,0.0,0.0,6.6e-07,0.000168,0.0104,0.0
1600.0,6.25,6.25e-07,0.00016,2.48e-30,6.35e-28,0.0,0.0,6.25e-07,0.00016,0.0104,0.0
1602.0,6.242,5.07e-07,0.00013,3.51e-33,9e-31,0.0,0.0,5.07e-07,0.00013,0.0104,0.0
1604.0,6.234,5.46e-07,0.00014,3.19e-35,8.21e-33,0.0,0.0,5.46e-07,0.00014,0.0104,0.0
1606.0,6.227,5.45e-07,0.000141,3.06e-35,7.9e-33,0.0,0.0,5.45e-07,0.000141,0.0104,0.0
1608.0,6.219,4.38e-07,0.000113,4.51e-41,1.17e-38,0.0,0.0,4.38e-07,0.000113,0.0104,0.0
1610.0,6.211,4.61e-07,0.000119,8.85e-42,2.29e-39,0.0,0.0,4.61e-07,0.000119,0.0104,0.0
1612.0,6.203,5.16e-07,0.000134,0.0,0.0,0.0,0.0,5.16e-07,0.000134,0.0104,0.0
1614.0,6.196,4.28e-07,0.000111,0.0,0.0,0.0,0.0,4.28e-07,0.000111,0.0104,0.0
1616.0,6.188,2.66e-07,6.95e-05,1.97e-35,5.15e-33,0.0,0.0,2.66e-07,6.95e-05,0.0104,0.0
1618.0,6.18,2.91e-07,7.61e-05,1.97e-35,5.17e-33,0.0,0.0,2.91e-07,7.61e-05,0.0104,0.0
1620.0,6.173,4e-07,0.000105,0.0,0.0,0.0,0.0,4e-07,0.000105,0.0104,0.0
1622.0,6.165,3.38e-07,8.89e-05,0.0,0.0,0.0,0.0,3.38e-07,8.89e-05,0.0104,0.0
1624.0,6.158,2.81e-07,7.4e-05,0.0,0.0,0.0,0.0,2.81e-07,7.4e-05,0.0104,0.0
1626.0,6.15,3.28e-07,8.66e-05,0.0,0.0,0.0,0.0,3.28e-07,8.66e-05,0.0104,0.0
1628.0,6.143,3.23e-07,8.55e-05,0.0,0.0,0.0,0.0,3.23e-07,8.55e-05,0.0104,0.0
1630.0,6.135,4.19e-07,0.000111,0.0,0.0,0.0,0.0,4.19e-07,0.000111,0.0104,0.0
1632.0,6.127,4.16e-07,0.000111,0.0,0.0,0.0,0.0,4.16e-07,0.000111,0.0104,0.0
1634.0,6.12,2.72e-07,7.27e-05,0.0,0.0,0.0,0.0,2.72e-07,7.27e-05,0.0104,0.0
1636.0,6.112,1.92e-07,5.13e-05,0.0,0.0,0.0,0.0,1.92e-07,5.13e-05,0.0104,0.0
1638.0,6.105,2.59e-07,6.96e-05,0.0,0.0,0.0,0.0,2.59e-07,6.96e-05,0.0104,0.0
1640.0,6.098,3.46e-07,9.31e-05,0.0,0.0,0.0,0.0,3.46e-07,9.31e-05,0.0104,0.0
1642.0,6.09,3.74e-07,0.000101,0.0,0.0,0.0,0.0,3.74e-07,0.000101,0.0104,0.0
1644.0,6.083,3.1e-07,8.39e-05,0.0,0.0,0.0,0.0,3.1e-07,8.39e-05,0.0104,0.0
1646.0,6.075,1.96e-07,5.31e-05,0.0,0.0,0.0,0.0,1.96e-07,5.31e-05,0.0104,0.0
1648.0,6.068,2.09e-07,5.67e-05,0.0,0.0,0.0,0.0,2.09e-07,5.67e-05,0.0104,0.0
1650.0,6.061,2.47e-07,6.72e-05,0.0,0.0,0.0,0.0,2.47e-07,6.72e-05,0.0104,0.0
1652.0,6.053,1.64e-07,4.48e-05,0.0,0.0,0.0,0.0,1.64e-07,4.48e-05,0.0104,0.0
1654.0,6.046,1.56e-07,4.28e-05,0.0,0.0,0.0,0.0,1.56e-07,4.28e-05,0.0104,0.0
1656.0,6.039,2.66e-07,7.3e-05,0.0,0.0,0.0,0.0,2.66e-07,7.3e-05,0.0104,0.0
1658.0,6.031,3.66e-07,0.000101,0.0,0.0,0.0,0.0,3.66e-07,0.000101,0.0104,0.0
1660.0,6.024,3.6e-07,9.92e-05,0.0,0.0,0.0,0.0,3.6e-07,9.92e-05,0.0104,0.0
1662.0,6.017,2.62e-07,7.23e-05,0.0,0.0,0.0,0.0,2.62e-07,7.23e-05,0.0104,0.0
1664.0,6.01,2.95e-07,8.17e-05,0.0,0.0,0.0,0.0,2.95e-07,8.17e-05,0.0104,0.0
1666.0,6.002,3.54e-07,9.82e-05,0.0,0.0,0.0,0.0,3.54e-07,9.82e-05,0.0104,0.0
1668.0,5.995,2.48e-07,6.9e-05,0.0,0.0,0.0,0.0,2.48e-07,6.9e-05,0.0104,0.0
1670.0,5.988,1.88e-07,5.24e-05,0.0,0.0,0.0,0.0,1.88e-07,5.24e-05,0.0104,0.0
1672.0,5.981,2.35e-07,6.56e-05,0.0,0.0,0.0,0.0,2.35e-07,6.56e-05,0.0104,0.0
1674.0,5.974,2.4e-07,6.71e-05,0.0,0.0,0.0,0.0,2.4e-07,6.71e-05,0.0104,0.0
1676.0,5.967,2.21e-07,6.2e-05,0.0,0.0,0.0,0.0,2.21e-07,6.2e-05,0.0104,0.0
1678.0,5.959,2.84e-07,8.01e-05,0.0,0.0,0.0,0.0,2.84e-07,8.01e-05,0.0104,0.0
1680.0,5.952,2.65e-07,7.48e-05,0.0,0.0,0.0,0.0,2.65e-07,7.48e-05,0.0104,0.0
1682.0,5.945,2.22e-07,6.28e-05,0.0,0.0,0.0,0.0,2.22e-07,6.28e-05,0.0104,0.0
1684.0,5.938,1.52e-07,4.31e-05,0.0,0.0,0.0,0.0,1.52e-07,4.31e-05,0.0104,0.0
1686.0,5.931,1.98e-07,5.64e-05,0.0,0.0,0.0,0.0,1.98e-07,5.64e-05,0.0104,0.0
1688.0,5.924,2.49e-07,7.08e-05,0.0,0.0,0.0,0.0,2.49e-07,7.08e-05,0.0104,0.0
1690.0,5.917,2.59e-07,7.4e-05,0.0,0.0,0.0,0.0,2.59e-07,7.4e-05,0.0105,0.0
1692.0,5.91,2.88e-07,8.26e-05,0.0,0.0,0.0,0.0,2.88e-07,8.26e-05,0.0105,0.0
1694.0,5.903,2.27e-07,6.5e-05,0.0,0.0,0.0,0.0,2.27e-07,6.5e-05,0.0105,0.0
1696.0,5.896,1.6e-07,4.59e-05,0.0,0.0,0.0,0.0,1.6e-07,4.59e-05,0.0105,0.0
1698.0,5.889,1.67e-07,4.81e-05,0.0,0.0,0.0,0.0,1.67e-07,4.81e-05,0.0105,0.0
1700.0,5.882,1.3e-07,3.77e-05,0.0,0.0,0.0,0.0,1.3e-07,3.77e-05,0.0105,0.0
1702.0,5.875,1.76e-07,5.09e-05,0.0,0.0,0.0,0.0,1.76e-07,5.09e-05,0.0105,0.0
1704.0,5.869,1.95e-07,5.66e-05,0.0,0.0,0.0,0.0,1.95e-07,5.66e-05,0.0105,0.0
1706.0,5.862,1.87e-07,5.43e-05,0.0,0.0,0.0,0.0,1.87e-07,5.43e-05,0.0105,0.0
1708.0,5.855,2.57e-07,7.51e-05,0.0,0.0,0.0,0.0,2.57e-07,7.51e-05,0.0105,0.0
1710.0,5.848,2.83e-07,8.28e-05,0.0,0.0,0.0,0.0,2.83e-07,8.28e-05,0.0105,0.0
1712.0,5.841,2.84e-07,8.31e-05,0.0,0.0,0.0,0.0,2.84e-07,8.31e-05,0.0105,0.0
1714.0,5.834,2.18e-07,6.41e-05,0.0,0.0,0.0,0.0,2.18e-07,6.41e-05,0.0105,0.0
1716.0,5.828,1.62e-07,4.76e-05,0.0,0.0,0.0,0.0,1.62e-07,4.76e-05,0.0105,0.0
1718.0,5.821,1.55e-07,4.56e-05,0.0,0.0,0.0,0.0,1.55e-07,4.56e-05,0.0105,0.0
1720.0,5.814,2.41e-07,7.12e-05,0.0,0.0,0.0,0.0,2.41e-07,7.12e-05,0.0105,0.0
1722.0,5.807,2.97e-07,8.81e-05,0.0,0.0,0.0,0.0,2.97e-07,8.81e-05,0.0105,0.0
1724.0,5.8,3.24e-07,9.62e-05,0.0,0.0,0.0,0.0,3.24e-07,9.62e-05,0.0105,0.0
1726.0,5.794,3.57e-07,0.000106,0.0,0.0,0.0,0.0,3.57e-07,0.000106,0.0105,0.0
1728.0,5.787,3.21e-07,9.59e-05,0.0,0.0,0.0,0.0,3.21e-07,9.59e-05,0.0105,0.0
1730.0,5.78,2.39e-07,7.16e-05,0.0,0.0,0.0,0.0,2.39e-07,7.16e-05,0.0105,0.0
1732.0,5.774,1.87e-07,5.6e-05,0.0,0.0,0.0,0.0,1.87e-07,5.6e-05,0.0105,0.0
1734.0,5.767,1.41e-07,4.23e-05,0.0,0.0,0.0,0.0,1.41e-07,4.23e-05,0.0105,0.0
1736.0,5.76,1.95e-07,5.87e-05,0.0,0.0,0.0,0.0,1.95e-07,5.87e-05,0.0105,0.0
1738.0,5.754,2.06e-07,6.21e-05,0.0,0.0,0.0,0.0,2.06e-07,6.21e-05,0.0105,0.0
1740.0,5.747,1.82e-07,5.52e-05,0.0,0.0,0.0,0.0,1.82e-07,5.52e-05,0.0105,0.0
1742.0,5.741,2.23e-07,6.78e-05,0.0,0.0,0.0,0.0,2.23e-07,6.78e-05,0.0105,0.0
1744.0,5.734,2.13e-07,6.47e-05,0.0,0.0,0.0,0.0,2.13e-07,6.47e-05,0.0105,0.0
1746.0,5.727,2.09e-07,6.37e-05,0.0,0.0,0.0,0.0,2.09e-07,6.37e-05,0.0105,0.0
1748.0,5.721,1.79e-07,5.46e-05,0.0,0.0,0.0,0.0,1.79e-07,5.46e-05,0.0105,0.0
1750.0,5.714,1.76e-07,5.38e-05,0.0,0.0,0.0,0.0,1.76e-07,5.38e-05,0.0105,0.0
1752.0,5.708,2.25e-07,6.91e-05,0.0,0.0,0.0,0.0,2.25e-07,6.91e-05,0.0105,0.0
1754.0,5.701,3.02e-07,9.28e-05,0.0,0.0,0.0,0.0,3.02e-07,9.28e-05,0.0105,0.0
1756.0,5.695,2.61e-07,8.06e-05,3.54e-35,1.09e-32,0.0,0.0,2.61e-07,8.06e-05,0.0105,0.0
1758.0,5.688,2.54e-07,7.86e-05,3.54e-35,1.09e-32,0.0,0.0,2.54e-07,7.86e-05,0.0105,0.0
1760.0,5.682,2.5e-07,7.74e-05,7.49e-32,2.32e-29,0.0,0.0,2.5e-07,7.74e-05,0.0105,0.0
1762.0,5.675,2.05e-07,6.38e-05,2.25e-31,6.98e-29,0.0,0.0,2.05e-07,6.38e-05,0.0105,0.0
1764.0,5.669,2.85e-07,8.87e-05,7.49e-32,2.33e-29,0.0,0.0,2.85e-07,8.87e-05,0.0105,0.0
1766.0,5.663,3.09e-07,9.65e-05,5.08e-41,1.58e-38,0.0,0.0,3.09e-07,9.65e-05,0.0105,0.0
1768.0,5.656,2.29e-07,7.16e-05,1.51e-41,4.73e-39,0.0,0.0,2.29e-07,7.16e-05,0.0105,0.0
1770.0,5.65,1.82e-07,5.69e-05,0.0,0.0,0.0,0.0,1.82e-07,5.69e-05,0.0105,0.0
1772.0,5.643,1.34e-07,4.19e-05,0.0,0.0,0.0,0.0,1.34e-07,4.19e-05,0.0105,0.0
1774.0,5.637,1.71e-07,5.39e-05,2.8e-45,8.81e-43,0.0,0.0,1.71e-07,5.39e-05,0.0105,0.0
1776.0,5.631,2.39e-07,7.54e-05,9.11e-41,2.87e-38,0.0,0.0,2.39e-07,7.54e-05,0.0105,0.0
1778.0,5.624,2.72e-07,8.6e-05,2.73e-40,8.64e-38,0.0,0.0,2.72e-07,8.6e-05,0.0105,0.0
1780.0,5.618,2.21e-07,6.99e-05,4.94e-36,1.57e-33,0.0,0.0,2.21e-07,6.99e-05,0.0105,0.0
1782.0,5.612,2.47e-07,7.85e-05,6.47e-36,2.05e-33,0.0,0.0,2.47e-07,7.85e-05,0.0105,0.0
1784.0,5.605,2.72e-07,8.64e-05,2.91e-30,9.26e-28,0.0,0.0,2.72e-07,8.64e-05,0.0105,0.0
1786.0,5.599,3.16e-07,0.000101,3.38e-27,1.08e-24,0.0,0.0,3.16e-07,0.000101,0.0105,0.0
1788.0,5.593,3.32e-07,0.000106,3.38e-27,1.08e-24,0.0,0.0,3.32e-07,0.000106,0.0105,0.0
1790.0,5.587,2.3e-07,7.38e-05,3.43e-31,1.1e-28,0.0,0.0,2.3e-07,7.38e-05,0.0105,0.0
1792.0,5.58,1.49e-07,4.79e-05,1e-27,3.21e-25,0.0,0.0,1.49e-07,4.79e-05,0.0105,0.0
1794.0,5.574,1.74e-07,5.62e-05,1e-27,3.22e-25,0.0,0.0,1.74e-07,5.62e-05,0.0105,0.0
1796.0,5.568,2.19e-07,7.07e-05,4.83e-41,1.56e-38,0.0,0.0,2.19e-07,7.07e-05,0.0105,0.0
1798.0,5.562,2.35e-07,7.61e-05,3.86e-27,1.25e-24,0.0,0.0,2.35e-07,7.61e-05,0.0105,0.0
1800.0,5.556,1.85e-07,5.98e-05,1.16e-26,3.76e-24,0.0,0.0,1.85e-07,5.98e-05,0.0105,0.0
1802.0,5.549,2.29e-07,7.45e-05,1.67e-24,5.43e-22,0.0,0.0,2.29e-07,7.45e-05,0.0105,0.0
1804.0,5.543,3.23e-07,0.000105,2.59e-22,8.43e-20,0.0,0.0,3.23e-07,0.000105,0.0105,0.0
1806.0,5.537,3.41e-07,0.000111,4.23e-22,1.38e-19,0.0,0.0,3.41e-07,0.000111,0.0105,0.0
1808.0,5.531,3.01e-07,9.84e-05,4.98e-22,1.63e-19,0.0,0.0,3.01e-07,9.84e-05,0.0105,0.0
1810.0,5.525,2.29e-07,7.5e-05,3.27e-21,1.07e-18,0.0,0.0,2.29e-07,7.5e-05,0.0105,0.0
1812.0,5.519,2.52e-07,8.28e-05,8.22e-19,2.7e-16,0.0,0.0,2.52e-07,8.28e-05,0.0105,0.0
1814.0,5.513,3.9e-07,0.000128,1.14e-16,3.77e-14,0.0,0.0,3.9e-07,0.000128,0.0105,0.0
1816.0,5.507,3.98e-07,0.000131,1.7e-16,5.59e-14,0.0,0.0,3.98e-07,0.000131,0.0105,0.0
1818.0,5.501,4.06e-07,0.000134,2.19e-15,7.24e-13,0.0,0.0,4.06e-07,0.000134,0.0105,0.0
1820.0,5.495,4.23e-07,0.00014,2.51e-15,8.32e-13,0.0,0.0,4.23e-07,0.00014,0.0105,0.0
1822.0,5.488,3.31e-07,0.00011,1.75e-16,5.81e-14,0.0,0.0,3.31e-07,0.00011,0.0105,0.0
1824.0,5.482,2.25e-07,7.5e-05,2.24e-21,7.45e-19,0.0,0.0,2.25e-07,7.5e-05,0.0105,0.0
1826.0,5.476,1.99e-07,6.63e-05,2.24e-21,7.47e-19,0.0,0.0,1.99e-07,6.63e-05,0.0105,0.0
1828.0,5.47,2e-07,6.68e-05,9.39e-44,3.14e-41,0.0,0.0,2e-07,6.68e-05,0.0105,0.0
1830.0,5.464,1.48e-07,4.96e-05,1.6e-43,5.35e-41,0.0,0.0,1.48e-07,4.96e-05,0.0105,0.0
1832.0,5.459,2.37e-07,7.94e-05,1.07e-22,3.59e-20,0.0,0.0,2.37e-07,7.94e-05,0.0105,0.0
1834.0,5.453,3.16e-07,0.000106,2.03e-21,6.82e-19,0.0,0.0,3.16e-07,0.000106,0.0105,0.0
1836.0,5.447,2.77e-07,9.35e-05,4.14e-19,1.39e-16,0.0,0.0,2.77e-07,9.35e-05,0.0105,0.0
1838.0,5.441,2.75e-07,9.29e-05,4.17e-19,1.41e-16,0.0,0.0,2.75e-07,9.29e-05,0.0105,0.0
1840.0,5.435,3.23e-07,0.000109,1.19e-20,4.04e-18,0.0,0.0,3.23e-07,0.000109,0.0105,0.0
1842.0,5.429,2.31e-07,7.84e-05,3.94e-21,1.34e-18,0.0,0.0,2.31e-07,7.84e-05,0.0105,0.0
1844.0,5.423,1.32e-07,4.49e-05,1.45e-21,4.92e-19,0.0,0.0,1.32e-07,4.49e-05,0.0105,0.0
1846.0,5.417,1.65e-07,5.62e-05,5.48e-22,1.87e-19,0.0,0.0,1.65e-07,5.62e-05,0.0105,0.0
1848.0,5.411,2.39e-07,8.17e-05,1.69e-17,5.79e-15,0.0,0.0,2.39e-07,8.17e-05,0.0105,0.0
1850.0,5.405,3.55e-07,0.000121,1.93e-14,6.62e-12,0.0,0.0,3.55e-07,0.000121,0.0105,0.0
1852.0,5.4,4.05e-07,0.000139,6.2e-13,2.12e-10,0.0,0.0,4.05e-07,0.000139,0.0105,0.0
1854.0,5.394,4.38e-07,0.000151,6.69e-12,2.3e-09,0.0,0.0,4.38e-07,0.000151,0.0105,1e-05
1856.0,5.388,4.35e-07,0.00015,7.7e-12,2.65e-09,0.0,0.0,4.35e-07,0.00015,0.0105,1e-05
1858.0,5.382,3.61e-07,0.000125,1.51e-12,5.21e-10,0.0,0.0,3.61e-07,0.000125,0.0105,0.0
1860.0,5.376,3.34e-07,0.000115,2.88e-14,9.97e-12,0.0,0.0,3.34e-07,0.000115,0.0105,0.0
1862.0,5.371,3.69e-07,0.000128,6.99e-14,2.42e-11,0.0,0.0,3.69e-07,0.000128,0.0105,0.0
1864.0,5.365,3.33e-07,0.000116,3.99e-14,1.39e-11,0.0,0.0,3.33e-07,0.000116,0.0105,0.0
1866.0,5.359,2.06e-07,7.16e-05,4.41e-17,1.53e-14,0.0,0.0,2.06e-07,7.16e-05,0.0105,0.0
1868.0,5.353,1.21e-07,4.24e-05,1.16e-25,4.03e-23,0.0,0.0,1.21e-07,4.24e-05,0.0105,0.0
1870.0,5.348,1.61e-07,5.61e-05,1.38e-20,4.84e-18,0.0,0.0,1.61e-07,5.61e-05,0.0105,0.0
1872.0,5.342,3.11e-07,0.000109,5.43e-13,1.9e-10,0.0,0.0,3.11e-07,0.000109,0.0105,0.0
1874.0,5.336,4.3e-07,0.000151,2.16e-11,7.57e-09,0.0,0.0,4.3e-07,0.000151,0.0105,2e-05
1876.0,5.33,4.54e-07,0.00016,1.17e-10,4.11e-08,0.0,0.0,4.54e-07,0.00016,0.0105,0.00012
1878.0,5.325,4.42e-07,0.000156,2.35e-10,8.28e-08,0.0,0.0,4.42e-07,0.000156,0.0105,0.00025
1880.0,5.319,4.51e-07,0.000159,4.87e-10,1.72e-07,0.0,0.0,4.51e-07,0.000159,0.0105,0.00052
1882.0,5.313,4.68e-07,0.000166,6.59e-10,2.34e-07,0.0,0.0,4.68e-07,0.000166,0.0105,0.00071
1884.0,5.308,3.48e-07,0.000123,1.52e-10,5.4e-08,0.0,0.0,3.48e-07,0.000124,0.0105,0.00016
1886.0,5.302,3.21e-07,0.000114,4.31e-14,1.53e-11,0.0,0.0,3.21e-07,0.000114,0.0105,0.0
1888.0,5.297,2.79e-07,9.94e-05,7.81e-13,2.79e-10,0.0,0.0,2.79e-07,9.94e-05,0.0105,0.0
1890.0,5.291,1.99e-07,7.09e-05,2.25e-12,8.03e-10,0.0,0.0,1.99e-07,7.09e-05,0.0105,0.0
1892.0,5.285,2.91e-07,0.000104,7.55e-13,2.7e-10,0.0,0.0,2.91e-07,0.000104,0.0105,0.0
1894.0,5.28,2.66e-07,9.54e-05,1.21e-14,4.33e-12,0.0,0.0,2.66e-07,9.54e-05,0.0105,0.0
1896.0,5.274,2.67e-07,9.62e-05,1.41e-11,5.08e-09,0.0,0.0,2.67e-07,9.62e-05,0.0105,2e-05
1898.0,5.269,4.13e-07,0.000149,8.36e-10,3.01e-07,0.0,0.0,4.14e-07,0.000149,0.0105,0.00095
1900.0,5.263,4.74e-07,0.000171,2.06e-09,7.43e-07,0.0,0.0,4.76e-07,0.000172,0.0105,0.00235
1902.0,5.258,4.14e-07,0.00015,8.91e-10,3.22e-07,0.0,0.0,4.15e-07,0.00015,0.0105,0.00102
1904.0,5.252,3.38e-07,0.000123,8.65e-11,3.14e-08,0.0,0.0,3.38e-07,0.000123,0.0105,0.0001
1906.0,5.247,3.13e-07,0.000114,7.61e-12,2.76e-09,0.0,0.0,3.13e-07,0.000114,0.0105,1e-05
1908.0,5.241,2.16e-07,7.87e-05,2.34e-12,8.51e-10,0.0,0.0,2.16e-07,7.87e-05,0.0105,0.0
1910.0,5.236,2.22e-07,8.09e-05,2.68e-12,9.76e-10,0.0,0.0,2.22e-07,8.09e-05,0.0105,0.0
1912.0,5.23,3.47e-07,0.000127,2.62e-11,9.58e-09,0.0,0.0,3.47e-07,0.000127,0.0105,3e-05
1914.0,5.225,3.75e-07,0.000137,3.2e-11,1.17e-08,0.0,0.0,3.75e-07,0.000137,0.0105,4e-05
1916.0,5.219,2.87e-07,0.000106,4.72e-12,1.73e-09,0.0,0.0,2.87e-07,0.000106,0.0105,1e-05
1918.0,5.214,1.72e-07,6.31e-05,2.64e-15,9.7e-13,0.0,0.0,1.72e-07,6.31e-05,0.0105,0.0
1920.0,5.208,2.03e-07,7.47e-05,7.59e-16,2.8e-13,0.0,0.0,2.03e-07,7.47e-05,0.0105,0.0
1922.0,5.203,1.86e-07,6.86e-05,3.09e-21,1.14e-18,0.0,0.0,1.86e-07,6.86e-05,0.0105,0.0
1924.0,5.198,2.21e-07,8.2e-05,1.26e-11,4.67e-09,0.0,0.0,2.21e-07,8.2e-05,0.0105,2e-05
1926.0,5.192,3.71e-07,0.000138,5.59e-10,2.07e-07,0.0,0.0,3.72e-07,0.000138,0.0105,0.0007
1928.0,5.187,4.47e-07,0.000166,5.91e-09,2.2e-06,0.0,0.0,4.53e-07,0.000168,0.0105,0.00742
1930.0,5.181,4.68e-07,0.000174,1.22e-08,4.55e-06,0.0,0.0,4.81e-07,0.000179,0.0105,0.01537
1932.0,5.176,3.92e-07,0.000146,5.54e-09,2.07e-06,0.0,0.0,3.98e-07,0.000148,0.0105,0.007
1934.0,5.171,3.84e-07,0.000144,4.19e-09,1.57e-06,0.0,0.0,3.89e-07,0.000145,0.0105,0.00536
1936.0,5.165,4.44e-07,0.000166,9.11e-09,3.42e-06,0.0,0.0,4.53e-07,0.00017,0.0105,0.0117
1938.0,5.16,4.16e-07,0.000156,4.13e-09,1.55e-06,0.0,0.0,4.2e-07,0.000158,0.0105,0.00531
1940.0,5.155,3.34e-07,0.000126,5.84e-10,2.2e-07,0.0,0.0,3.34e-07,0.000126,0.0105,0.00076
1942.0,5.149,1.93e-07,7.29e-05,3.87e-12,1.46e-09,0.0,0.0,1.93e-07,7.29e-05,0.0105,1e-05
1944.0,5.144,1.64e-07,6.22e-05,1.19e-15,4.51e-13,0.0,0.0,1.64e-07,6.22e-05,0.0105,0.0
1946.0,5.139,2.16e-07,8.18e-05,1.45e-10,5.48e-08,0.0,0.0,2.16e-07,8.18e-05,0.0105,0.00019
1948.0,5.133,3.38e-07,0.000128,1.36e-09,5.15e-07,0.0,0.0,3.39e-07,0.000129,0.0105,0.00182
1950.0,5.128,4.09e-07,0.000156,8.92e-09,3.39e-06,0.0,0.0,4.18e-07,0.000159,0.0105,0.01203
1952.0,5.123,4.27e-07,0.000163,1.86e-08,7.1e-06,0.0,0.0,4.46e-07,0.00017,0.0105,0.02521
1954.0,5.118,3.38e-07,0.000129,7.97e-09,3.04e-06,0.0,0.0,3.46e-07,0.000132,0.0105,0.0108
1956.0,5.112,3.1e-07,0.000119,1.6e-09,6.11e-07,0.0,0.0,3.12e-07,0.000119,0.0105,0.0022
1958.0,5.107,3.92e-07,0.00015,1.49e-08,5.7e-06,0.0,0.0,4.07e-07,0.000156,0.0105,0.02056
1960.0,5.102,3.72e-07,0.000143,1.48e-08,5.68e-06,0.0,0.0,3.87e-07,0.000149,0.0105,0.02049
1962.0,5.097,3.57e-07,0.000137,6.53e-09,2.51e-06,0.0,0.0,3.63e-07,0.00014,0.0105,0.00914
1964.0,5.092,3.73e-07,0.000144,7.32e-09,2.82e-06,0.0,0.0,3.8e-07,0.000147,0.0105,0.01028
1966.0,5.086,2.31e-07,8.92e-05,1.03e-09,3.99e-07,0.0,0.0,2.32e-07,8.96e-05,0.0105,0.00145
1968.0,5.081,2.38e-07,9.21e-05,1.02e-09,3.97e-07,0.0,0.0,2.39e-07,9.25e-05,0.0105,0.00147
1970.0,5.076,3.81e-07,0.000148,2.43e-08,9.44e-06,0.0,0.0,4.05e-07,0.000157,0.0105,0.03504
1972.0,5.071,4.15e-07,0.000161,8.09e-08,3.15e-05,0.0,0.0,4.96e-07,0.000193,0.0105,0.117
1974.0,5.066,3.94e-07,0.000154,1.01e-07,3.95e-05,0.0,0.0,4.96e-07,0.000193,0.0105,0.14741
1976.0,5.061,3.76e-07,0.000147,6.56e-08,2.56e-05,0.0,0.0,4.41e-07,0.000172,0.0105,0.09593
1978.0,5.056,3.79e-07,0.000148,1.05e-07,4.09e-05,0.0,0.0,4.84e-07,0.000189,0.0105,0.15422
1980.0,5.051,3.75e-07,0.000147,1.28e-07,5.03e-05,0.0,0.0,5.03e-07,0.000197,0.0105,0.19015
1982.0,5.045,3.85e-07,0.000151,9.57e-08,3.76e-05,0.0,0.0,4.81e-07,0.000189,0.0105,0.14282
1984.0,5.04,3.95e-07,0.000155,7.11e-08,2.8e-05,0.0,0.0,4.66e-07,0.000183,0.0105,0.10671
1986.0,5.035,3.52e-07,0.000139,2.48e-08,9.77e-06,0.0,0.0,3.77e-07,0.000149,0.0105,0.03731
1988.0,5.03,2.54e-07,0.0001,2.14e-09,8.44e-07,0.0,0.0,2.56e-07,0.000101,0.0105,0.00323
1990.0,5.025,2.26e-07,8.94e-05,2.26e-11,8.96e-09,0.0,0.0,2.26e-07,8.94e-05,0.0105,3e-05
1992.0,5.02,1.72e-07,6.81e-05,3.67e-12,1.45e-09,0.0,0.0,1.72e-07,6.81e-05,0.0105,1e-05
1994.0,5.015,2.69e-07,0.000107,6.12e-09,2.43e-06,0.0,0.0,2.75e-07,0.000109,0.0105,0.00956
1996.0,5.01,3.72e-07,0.000148,2.5e-08,9.95e-06,0.0,0.0,3.97e-07,0.000158,0.0105,0.03907
1998.0,5.005,3.27e-07,0.000131,1.88e-08,7.49e-06,0.0,0.0,3.46e-07,0.000138,0.0105,0.02948
2000.0,5.0,3.25e-07,0.00013,5.3e-08,2.12e-05,0.0,0.0,3.78e-07,0.000151,0.0105,0.08433
2002.0,4.995,3.44e-07,0.000138,1.33e-07,5.35e-05,0.0,0.0,4.78e-07,0.000191,0.0105,0.21285
2004.0,4.99,3.32e-07,0.000133,1.56e-07,6.28e-05,0.0,0.0,4.88e-07,0.000196,0.0105,0.25107
2006.0,4.985,3.32e-07,0.000134,8.69e-08,3.5e-05,0.0,0.0,4.19e-07,0.000169,0.0105,0.13995
2008.0,4.98,3.02e-07,0.000122,1.56e-08,6.27e-06,0.0,0.0,3.17e-07,0.000128,0.0105,0.02525
2010.0,4.975,3.25e-07,0.000131,5.17e-08,2.09e-05,0.0,0.0,3.77e-07,0.000152,0.0105,0.08492
2012.0,4.97,3.47e-07,0.00014,1.06e-07,4.27e-05,0.0,0.0,4.52e-07,0.000183,0.0105,0.174
2014.0,4.965,3.38e-07,0.000137,6.35e-08,2.58e-05,0.0,0.0,4.01e-07,0.000163,0.0105,0.10511
2016.0,4.96,2.36e-07,9.59e-05,8.96e-09,3.64e-06,0.0,0.0,2.45e-07,9.95e-05,0.0105,0.01488
2018.0,4.955,1.8e-07,7.32e-05,7.66e-12,3.12e-09,0.0,0.0,1.8e-07,7.32e-05,0.0105,1e-05
2020.0,4.95,2.76e-07,0.000113,1.42e-08,5.79e-06,0.0,0.0,2.9e-07,0.000118,0.0105,0.02413
2022.0,4.946,3.24e-07,0.000133,2.72e-08,1.11e-05,0.0,0.0,3.51e-07,0.000144,0.0105,0.04634
2024.0,4.941,3.2e-07,0.000131,3.81e-08,1.56e-05,0.0,0.0,3.58e-07,0.000147,0.0105,0.06548
2026.0,4.936,3.11e-07,0.000128,4.65e-08,1.91e-05,0.0,0.0,3.57e-07,0.000147,0.0106,0.08034
2028.0,4.931,2.81e-07,0.000115,1.08e-07,4.45e-05,0.0,0.0,3.89e-07,0.00016,0.0106,0.18892
2030.0,4.926,2.51e-07,0.000103,2.25e-07,9.25e-05,0.0,0.0,4.76e-07,0.000196,0.0106,0.39357
2032.0,4.921,2.32e-07,9.57e-05,2.44e-07,0.000101,0.0,0.0,4.75e-07,0.000196,0.0106,0.42951
2034.0,4.916,2.65e-07,0.00011,1.69e-07,6.98e-05,0.0,0.0,4.34e-07,0.000179,0.0106,0.29951
2036.0,4.912,2.81e-07,0.000116,1.43e-07,5.95e-05,0.0,0.0,4.24e-07,0.000176,0.0106,0.25632
2038.0,4.907,2.98e-07,0.000124,8.11e-08,3.37e-05,0.0,0.0,3.79e-07,0.000157,0.0106,0.14562
2040.0,4.902,2.68e-07,0.000112,3.16e-08,1.31e-05,0.0,0.0,3e-07,0.000125,0.0106,0.05705
2042.0,4.897,2.4e-07,0.0001,3.17e-09,1.32e-06,0.0,0.0,2.44e-07,0.000102,0.0106,0.00577
2044.0,4.892,2.7e-07,0.000113,4.17e-08,1.74e-05,0.0,0.0,3.12e-07,0.00013,0.0106,0.07688
2046.0,4.888,2.79e-07,0.000117,9.46e-08,3.96e-05,0.0,0.0,3.73e-07,0.000156,0.0106,0.1751
2048.0,4.883,2.33e-07,9.77e-05,1.89e-07,7.93e-05,0.0,0.0,4.22e-07,0.000177,0.0106,0.35263
2050.0,4.878,1.95e-07,8.2e-05,2.72e-07,0.000114,0.0,0.0,4.68e-07,0.000196,0.0106,0.51032
2052.0,4.873,1.96e-07,8.25e-05,2.65e-07,0.000111,0.0,0.0,4.61e-07,0.000194,0.0106,0.49926
2054.0,4.869,1.92e-07,8.12e-05,2.64e-07,0.000111,0.0,0.0,4.56e-07,0.000193,0.0106,0.50145
2056.0,4.864,1.65e-07,6.97e-05,3.04e-07,0.000128,0.0,0.0,4.69e-07,0.000198,0.0106,0.58115
2058.0,4.859,1.93e-07,8.2e-05,2.34e-07,9.9e-05,0.0,0.0,4.27e-07,0.000181,0.0106,0.44913
2060.0,4.854,2.45e-07,0.000104,8.82e-08,3.74e-05,0.0,0.0,3.34e-07,0.000142,0.0106,0.17062
2062.0,4.85,2.68e-07,0.000114,8.07e-08,3.43e-05,0.0,0.0,3.49e-07,0.000148,0.0106,0.15768
2064.0,4.845,2.3e-07,9.78e-05,3.89e-08,1.66e-05,0.0,0.0,2.68e-07,0.000114,0.0106,0.07607
2066.0,4.84,2.16e-07,9.2e-05,3.44e-08,1.47e-05,0.0,0.0,2.5e-07,0.000107,0.0106,0.06841
2068.0,4.836,2.22e-07,9.48e-05,1.67e-07,7.14e-05,0.0,0.0,3.88e-07,0.000166,0.0106,0.33307
2070.0,4.831,1.65e-07,7.07e-05,2.77e-07,0.000119,0.0,0.0,4.42e-07,0.000189,0.0106,0.55523
2072.0,4.826,1.88e-07,8.07e-05,2.09e-07,8.97e-05,0.0,0.0,3.97e-07,0.00017,0.0106,0.42109
2074.0,4.822,2.22e-07,9.57e-05,1.21e-07,5.22e-05,0.0,0.0,3.44e-07,0.000148,0.0106,0.24677
2076.0,4.817,2.07e-07,8.91e-05,1.86e-07,8.01e-05,0.0,0.0,3.93e-07,0.000169,0.0106,0.38048
2078.0,4.812,2.2e-07,9.5e-05,1.57e-07,6.78e-05,0.0,0.0,3.77e-07,0.000163,0.0106,0.32325
2080.0,4.808,2.11e-07,9.12e-05,1.6e-07,6.91e-05,0.0,0.0,3.71e-07,0.00016,0.0106,0.33167
2082.0,4.803,1.77e-07,7.69e-05,2.1e-07,9.12e-05,0.0,0.0,3.88e-07,0.000168,0.0106,0.43997
2084.0,4.798,1.46e-07,6.36e-05,2.66e-07,0.000116,0.0,0.0,4.13e-07,0.000179,0.0106,0.56035
2086.0,4.794,1.87e-07,8.13e-05,1.8e-07,7.85e-05,0.0,0.0,3.67e-07,0.00016,0.0106,0.3814
2088.0,4.789,2.38e-07,0.000104,6.42e-08,2.8e-05,0.0,0.0,3.02e-07,0.000132,0.0106,0.13652
2090.0,4.785,2.23e-07,9.74e-05,3.75e-08,1.64e-05,0.0,0.0,2.61e-07,0.000114,0.0106,0.08063
2092.0,4.78,2.1e-07,9.18e-05,1.13e-07,4.94e-05,0.0,0.0,3.23e-07,0.000141,0.0106,0.24472
2094.0,4.776,1.81e-07,7.94e-05,1.97e-07,8.64e-05,0.0,0.0,3.78e-07,0.000166,0.0106,0.42901
2096.0,4.771,1.65e-07,7.23e-05,2.03e-07,8.93e-05,0.0,0.0,3.68e-07,0.000162,0.0106,0.4455
2098.0,4.766,1.57e-07,6.91e-05,2.03e-07,8.95e-05,0.0,0.0,3.6e-07,0.000159,0.0106,0.44835
2100.0,4.762,1.54e-07,6.79e-05,2.02e-07,8.91e-05,0.0,0.0,3.56e-07,0.000157,0.0106,0.44908
2102.0,4.757,1.18e-07,5.21e-05,2.68e-07,0.000119,0.0,0.0,3.86e-07,0.000171,0.0106,0.60058
2104.0,4.753,1.05e-07,4.66e-05,2.84e-07,0.000126,0.0,0.0,3.89e-07,0.000172,0.0106,0.63866
2106.0,4.748,1.47e-07,6.52e-05,2.01e-07,8.91e-05,0.0,0.0,3.48e-07,0.000154,0.0106,0.45529
2108.0,4.744,1.39e-07,6.2e-05,2.18e-07,9.68e-05,0.0,0.0,3.57e-07,0.000159,0.0106,0.49802
2110.0,4.739,9.35e-08,4.16e-05,2.98e-07,0.000133,0.0,0.0,3.91e-07,0.000174,0.0106,0.68484
2112.0,4.735,1.11e-07,4.94e-05,2.71e-07,0.000121,0.0,0.0,3.82e-07,0.00017,0.0106,0.62726
2114.0,4.73,1.77e-07,7.89e-05,1.07e-07,4.79e-05,0.0,0.0,2.84e-07,0.000127,0.0106,0.2486
2116.0,4.726,1.79e-07,8e-05,1.05e-07,4.7e-05,0.0,0.0,2.84e-07,0.000127,0.0106,0.24711
2118.0,4.721,1.06e-07,4.73e-05,2.59e-07,0.000116,0.0,0.0,3.65e-07,0.000164,0.0106,0.61234
2120.0,4.717,1.04e-07,4.67e-05,2.52e-07,0.000113,0.0,0.0,3.56e-07,0.00016,0.0106,0.59783
2122.0,4.713,1.52e-07,6.84e-05,1.76e-07,7.91e-05,0.0,0.0,3.28e-07,0.000147,0.0106,0.42038
2124.0,4.708,1.58e-07,7.14e-05,1.57e-07,7.1e-05,0.0,0.0,3.16e-07,0.000142,0.0106,0.3794
2126.0,4.704,1.01e-07,4.57e-05,2.45e-07,0.000111,0.0,0.0,3.47e-07,0.000157,0.0106,0.59664
2128.0,4.699,6.5e-08,2.94e-05,3.12e-07,0.000141,0.0,0.0,3.77e-07,0.000171,0.0106,0.762
2130.0,4.695,7.1e-08,3.22e-05,3.05e-07,0.000139,0.0,0.0,3.76e-07,0.000171,0.0106,0.7515
2132.0,4.69,6.88e-08,3.13e-05,3.09e-07,0.00014,0.0,0.0,3.78e-07,0.000172,0.0106,0.766
2134.0,4.686,8.5e-08,3.87e-05,2.74e-07,0.000125,0.0,0.0,3.59e-07,0.000163,0.0106,0.68314
2136.0,4.682,1.56e-07,7.13e-05,1.17e-07,5.33e-05,0.0,0.0,2.73e-07,0.000125,0.0106,0.2929
2138.0,4.677,1.94e-07,8.87e-05,5.46e-08,2.5e-05,0.0,0.0,2.49e-07,0.000114,0.0106,0.13832
2140.0,4.673,1.58e-07,7.25e-05,1.47e-07,6.71e-05,0.0,0.0,3.05e-07,0.00014,0.0106,0.3743
2142.0,4.669,9.96e-08,4.57e-05,2.53e-07,0.000116,0.0,0.0,3.53e-07,0.000162,0.0106,0.6498
2144.0,4.664,1.13e-07,5.18e-05,2.15e-07,9.87e-05,0.0,0.0,3.27e-07,0.000151,0.0106,0.55421
2146.0,4.66,1.59e-07,7.31e-05,1.35e-07,6.23e-05,0.0,0.0,2.94e-07,0.000135,0.0106,0.3519
2148.0,4.655,1.36e-07,6.25e-05,1.82e-07,8.38e-05,0.0,0.0,3.17e-07,0.000146,0.0106,0.47622
2150.0,4.651,9.22e-08,4.26e-05,2.5e-07,0.000116,0.0,0.0,3.42e-07,0.000158,0.0106,0.65998
2152.0,4.647,1.07e-07,4.95e-05,2.16e-07,0.0001,0.0,0.0,3.23e-07,0.00015,0.0106,0.57448
2154.0,4.643,1.03e-07,4.78e-05,2.19e-07,0.000101,0.0,0.0,3.22e-07,0.000149,0.0106,0.58512
2156.0,4.638,9.69e-08,4.51e-05,2.31e-07,0.000107,0.0,0.0,3.27e-07,0.000152,0.0106,0.62057
2158.0,4.634,8.09e-08,3.77e-05,2.51e-07,0.000117,0.0,0.0,3.31e-07,0.000154,0.0106,0.67947
2160.0,4.63,9.86e-08,4.6e-05,2.2e-07,0.000103,0.0,0.0,3.19e-07,0.000149,0.0106,0.59984
2162.0,4.625,1.44e-07,6.75e-05,1.3e-07,6.06e-05,0.0,0.0,2.74e-07,0.000128,0.0106,0.35641
2164.0,4.621,9.83e-08,4.6e-05,2.07e-07,9.7e-05,0.0,0.0,3.05e-07,0.000143,0.0106,0.57436
2166.0,4.617,5.98e-08,2.8e-05,2.73e-07,0.000128,0.0,0.0,3.32e-07,0.000156,0.0106,0.75984
2168.0,4.613,4.95e-08,2.33e-05,2.83e-07,0.000133,0.0,0.0,3.33e-07,0.000156,0.0106,0.79505
2170.0,4.608,6.36e-08,2.99e-05,2.55e-07,0.00012,0.0,0.0,3.19e-07,0.00015,0.0106,0.72005
2172.0,4.604,8.1e-08,3.82e-05,2.28e-07,0.000107,0.0,0.0,3.09e-07,0.000146,0.0106,0.6481
2174.0,4.6,5.64e-08,2.67e-05,2.65e-07,0.000125,0.0,0.0,3.21e-07,0.000152,0.0106,0.75819
2176.0,4.596,4.65e-08,2.2e-05,2.76e-07,0.000131,0.0,0.0,3.22e-07,0.000153,0.0106,0.7959
2178.0,4.591,4.51e-08,2.14e-05,2.75e-07,0.000131,0.0,0.0,3.2e-07,0.000152,0.0106,0.7998
2180.0,4.587,6.95e-08,3.3e-05,2.33e-07,0.000111,0.0,0.0,3.02e-07,0.000144,0.0106,0.68099
2182.0,4.583,6.83e-08,3.25e-05,2.33e-07,0.000111,0.0,0.0,3.01e-07,0.000143,0.0106,0.68531
2184.0,4.579,6.78e-08,3.24e-05,2.33e-07,0.000111,0.0,0.0,3.01e-07,0.000144,0.0106,0.69159
2186.0,4.575,1.02e-07,4.86e-05,1.75e-07,8.38e-05,0.0,0.0,2.77e-07,0.000132,0.0106,0.52389
2188.0,4.57,8.87e-08,4.24e-05,1.93e-07,9.25e-05,0.0,0.0,2.82e-07,0.000135,0.0106,0.58169
2190.0,4.566,5.93e-08,2.84e-05,2.4e-07,0.000115,0.0,0.0,2.99e-07,0.000143,0.0106,0.72626
2192.0,4.562,6.05e-08,2.91e-05,2.34e-07,0.000113,0.0,0.0,2.95e-07,0.000142,0.0106,0.71412
2194.0,4.558,6.12e-08,2.94e-05,2.29e-07,0.00011,0.0,0.0,2.9e-07,0.00014,0.0106,0.70346
2196.0,4.554,4e-08,1.93e-05,2.57e-07,0.000124,0.0,0.0,2.98e-07,0.000143,0.0106,0.79657
2198.0,4.55,5.49e-08,2.65e-05,2.33e-07,0.000113,0.0,0.0,2.88e-07,0.000139,0.0106,0.72519
2200.0,4.545,6.98e-08,3.38e-05,2.06e-07,9.98e-05,0.0,0.0,2.76e-07,0.000134,0.0106,0.64658
